Workbook

Sheet Programme de vols
B1: PROGRAMME DE VOLS MENSUEL - ANNEE D'EXPLOITATION AVRIL 2027 / MARS 2028
B2: Feuille unique de programmation : les deux filtres ci-dessous (Mois et Route) pilotent la grille, le recapitulatif ne suit que le filtre Mois. La saisie se fait dans 12 tableaux identiques, un par mois : chaque route y occupe 3 lignes, une par type avion (77W / 778 / A320), et il suffit de COCHER les jours d'operation. La feuille "Analyse capacite" traduit ce programme en sieges offerts.
N3: REPERES CALCULES | W3: Mois (filtre) | X3: 1er jour | Y3: Types avion | Z3: Routes
B4: FILTRE MOIS | C4: avril 2027 | E4: <-- liste deroulante : selectionne le tableau de saisie lu (la structure ne change pas) | N4: 1er jour du mois | O4: =INDEX($X$4:$X$15,MATCH($C$4,$W$4:$W$15,0)) -> 46478 | W4: avril 2027 | X4: =DATE(2027,4,1) -> 46478 | Y4: 77W | Z4: CDGRUN
B5: FILTRE ROUTE | C5: NOSRUN | E5: <-- liste deroulante : pilote la grille uniquement | N5: Dernier jour du mois | O5: =EOMONTH($O$4,0) -> 46507 | W5: mai 2027 | X5: =DATE(2027,5,1) -> 46508 | Y5: 778 | Z5: CDGDZA
B6: GRILLE MENSUELLE - type avion opere par semaine et par jour (filtres Mois + Route) | N6: Lundi semaine 1 | O6: =$O$4-WEEKDAY($O$4,3) -> 46475 | W6: juin 2027 | X6: =DATE(2027,6,1) -> 46539 | Y6: A320 | Z6: BKKRUN
B7: Semaine | C7: J1 - Lundi | D7: J2 - Mardi | E7: J3 - Mercredi | F7: J4 - Jeudi | G7: J5 - Vendredi | H7: J6 - Samedi | I7: J7 - Dimanche | N7: Tableau de saisie lu | O7: =MATCH($C$4,$W$4:$W$15,0) -> 1 | W7: juillet 2027 | X7: =DATE(2027,7,1) -> 46569 | Z7: DZARUN
B8: Semaine 1 | C8: =IF(C9="","",TRIM($O$17&IF(SUMIFS($E$521:$E$560,$C$521:$C$560,$C$5,$B$521:$B$560,C9)=0,""," (+"&IF(COUNTIFS($C$521:$C$560,$C$5,$B$521:$B$560,C9)=1,IF(SUMIFS($E$521:$E$560,$C$521:$C$560,$C$5,$B$521:$B$560,C9)=1,IFERROR(INDEX($D$521:$D$560,MATCH(C9&"|"&$C$5,$H$521:$H$560,0)),""),SUMIFS($E$521:$E$560,$C$521:$C$560,$C$5,$B$521:$B$560,C9)&"x"&IFERROR(INDEX($D$521:$D$560,MATCH(C9&"|"&$C$5,$H$521:$H$560,0)),"")),SUMIFS($E$521:$E$560,$C$521:$C$560,$C$5,$B$521:$B$560,C9)&" vols")&")"))) | D8: =IF(D9="","",TRIM($P$17&IF(SUMIFS($E$521:$E$560,$C$521:$C$560,$C$5,$B$521:$B$560,D9)=0,""," (+"&IF(COUNTIFS($C$521:$C$560,$C$5,$B$521:$B$560,D9)=1,IF(SUMIFS($E$521:$E$560,$C$521:$C$560,$C$5,$B$521:$B$560,D9)=1,IFERROR(INDEX($D$521:$D$560,MATCH(D9&"|"&$C$5,$H$521:$H$560,0)),""),SUMIFS($E$521:$E$560,$C$521:$C$560,$C$5,$B$521:$B$560,D9)&"x"&IFERROR(INDEX($D$521:$D$560,MATCH(D9&"|"&$C$5,$H$521:$H$560,0)),"")),SUMIFS($E$521:$E$560,$C$521:$C$560,$C$5,$B$521:$B$560,D9)&" vols")&")"))) | E8: =IF(E9="","",TRIM($Q$17&IF(SUMIFS($E$521:$E$560,$C$521:$C$560,$C$5,$B$521:$B$560,E9)=0,""," (+"&IF(COUNTIFS($C$521:$C$560,$C$5,$B$521:$B$560,E9)=1,IF(SUMIFS($E$521:$E$560,$C$521:$C$560,$C$5,$B$521:$B$560,E9)=1,IFERROR(INDEX($D$521:$D$560,MATCH(E9&"|"&$C$5,$H$521:$H$560,0)),""),SUMIFS($E$521:$E$560,$C$521:$C$560,$C$5,$B$521:$B$560,E9)&"x"&IFERROR(INDEX($D$521:$D$560,MATCH(E9&"|"&$C$5,$H$521:$H$560,0)),"")),SUMIFS($E$521:$E$560,$C$521:$C$560,$C$5,$B$521:$B$560,E9)&" vols")&")"))) | F8: =IF(F9="","",TRIM($R$17&IF(SUMIFS($E$521:$E$560,$C$521:$C$560,$C$5,$B$521:$B$560,F9)=0,""," (+"&IF(COUNTIFS($C$521:$C$560,$C$5,$B$521:$B$560,F9)=1,IF(SUMIFS($E$521:$E$560,$C$521:$C$560,$C$5,$B$521:$B$560,F9)=1,IFERROR(INDEX($D$521:$D$560,MATCH(F9&"|"&$C$5,$H$521:$H$560,0)),""),SUMIFS($E$521:$E$560,$C$521:$C$560,$C$5,$B$521:$B$560,F9)&"x"&IFERROR(INDEX($D$521:$D$560,MATCH(F9&"|"&$C$5,$H$521:$H$560,0)),"")),SUMIFS($E$521:$E$560,$C$521:$C$560,$C$5,$B$521:$B$560,F9)&" vols")&")"))) -> A320 | G8: =IF(G9="","",TRIM($S$17&IF(SUMIFS($E$521:$E$560,$C$521:$C$560,$C$5,$B$521:$B$560,G9)=0,""," (+"&IF(COUNTIFS($C$521:$C$560,$C$5,$B$521:$B$560,G9)=1,IF(SUMIFS($E$521:$E$560,$C$521:$C$560,$C$5,$B$521:$B$560,G9)=1,IFERROR(INDEX($D$521:$D$560,MATCH(G9&"|"&$C$5,$H$521:$H$560,0)),""),SUMIFS($E$521:$E$560,$C$521:$C$560,$C$5,$B$521:$B$560,G9)&"x"&IFERROR(INDEX($D$521:$D$560,MATCH(G9&"|"&$C$5,$H$521:$H$560,0)),"")),SUMIFS($E$521:$E$560,$C$521:$C$560,$C$5,$B$521:$B$560,G9)&" vols")&")"))) | H8: =IF(H9="","",TRIM($T$17&IF(SUMIFS($E$521:$E$560,$C$521:$C$560,$C$5,$B$521:$B$560,H9)=0,""," (+"&IF(COUNTIFS($C$521:$C$560,$C$5,$B$521:$B$560,H9)=1,IF(SUMIFS($E$521:$E$560,$C$521:$C$560,$C$5,$B$521:$B$560,H9)=1,IFERROR(INDEX($D$521:$D$560,MATCH(H9&"|"&$C$5,$H$521:$H$560,0)),""),SUMIFS($E$521:$E$560,$C$521:$C$560,$C$5,$B$521:$B$560,H9)&"x"&IFERROR(INDEX($D$521:$D$560,MATCH(H9&"|"&$C$5,$H$521:$H$560,0)),"")),SUMIFS($E$521:$E$560,$C$521:$C$560,$C$5,$B$521:$B$560,H9)&" vols")&")"))) -> A320 | I8: =IF(I9="","",TRIM($U$17&IF(SUMIFS($E$521:$E$560,$C$521:$C$560,$C$5,$B$521:$B$560,I9)=0,""," (+"&IF(COUNTIFS($C$521:$C$560,$C$5,$B$521:$B$560,I9)=1,IF(SUMIFS($E$521:$E$560,$C$521:$C$560,$C$5,$B$521:$B$560,I9)=1,IFERROR(INDEX($D$521:$D$560,MATCH(I9&"|"&$C$5,$H$521:$H$560,0)),""),SUMIFS($E$521:$E$560,$C$521:$C$560,$C$5,$B$521:$B$560,I9)&"x"&IFERROR(INDEX($D$521:$D$560,MATCH(I9&"|"&$C$5,$H$521:$H$560,0)),"")),SUMIFS($E$521:$E$560,$C$521:$C$560,$C$5,$B$521:$B$560,I9)&" vols")&")"))) | N8: Type(s) avion | O8: =IFERROR(INDEX($C$25:$C$36,MATCH($C$5,$B$25:$B$36,0)),"") -> A320(3) | W8: aout 2027 | X8: =DATE(2027,8,1) -> 46600 | Z8: MRURUN
B9: =IF(COUNT(C9:I9)=0,"","du "&TEXT(MIN(C9:I9),"DD/MM")&" au "&TEXT(MAX(C9:I9),"DD/MM")) -> du 01/04 au 04/04 | C9: =IF(OR($O$6+0<$O$4,$O$6+0>$O$5),"",$O$6+0) | D9: =IF(OR($O$6+1<$O$4,$O$6+1>$O$5),"",$O$6+1) | E9: =IF(OR($O$6+2<$O$4,$O$6+2>$O$5),"",$O$6+2) | F9: =IF(OR($O$6+3<$O$4,$O$6+3>$O$5),"",$O$6+3) -> 46478 | G9: =IF(OR($O$6+4<$O$4,$O$6+4>$O$5),"",$O$6+4) -> 46479 | H9: =IF(OR($O$6+5<$O$4,$O$6+5>$O$5),"",$O$6+5) -> 46480 | I9: =IF(OR($O$6+6<$O$4,$O$6+6>$O$5),"",$O$6+6) -> 46481 | N9: Rotations / semaine | O9: =IFERROR(INDEX($E$25:$E$36,MATCH($C$5,$B$25:$B$36,0)),"") -> 3 | W9: septembre 2027 | X9: =DATE(2027,9,1) -> 46631 | Z9: NOSRUN
B10: Semaine 2 | C10: =IF(C11="","",TRIM($O$17&IF(SUMIFS($E$521:$E$560,$C$521:$C$560,$C$5,$B$521:$B$560,C11)=0,""," (+"&IF(COUNTIFS($C$521:$C$560,$C$5,$B$521:$B$560,C11)=1,IF(SUMIFS($E$521:$E$560,$C$521:$C$560,$C$5,$B$521:$B$560,C11)=1,IFERROR(INDEX($D$521:$D$560,MATCH(C11&"|"&$C$5,$H$521:$H$560,0)),""),SUMIFS($E$521:$E$560,$C$521:$C$560,$C$5,$B$521:$B$560,C11)&"x"&IFERROR(INDEX($D$521:$D$560,MATCH(C11&"|"&$C$5,$H$521:$H$560,0)),"")),SUMIFS($E$521:$E$560,$C$521:$C$560,$C$5,$B$521:$B$560,C11)&" vols")&")"))) -> A320 | D10: =IF(D11="","",TRIM($P$17&IF(SUMIFS($E$521:$E$560,$C$521:$C$560,$C$5,$B$521:$B$560,D11)=0,""," (+"&IF(COUNTIFS($C$521:$C$560,$C$5,$B$521:$B$560,D11)=1,IF(SUMIFS($E$521:$E$560,$C$521:$C$560,$C$5,$B$521:$B$560,D11)=1,IFERROR(INDEX($D$521:$D$560,MATCH(D11&"|"&$C$5,$H$521:$H$560,0)),""),SUMIFS($E$521:$E$560,$C$521:$C$560,$C$5,$B$521:$B$560,D11)&"x"&IFERROR(INDEX($D$521:$D$560,MATCH(D11&"|"&$C$5,$H$521:$H$560,0)),"")),SUMIFS($E$521:$E$560,$C$521:$C$560,$C$5,$B$521:$B$560,D11)&" vols")&")"))) | E10: =IF(E11="","",TRIM($Q$17&IF(SUMIFS($E$521:$E$560,$C$521:$C$560,$C$5,$B$521:$B$560,E11)=0,""," (+"&IF(COUNTIFS($C$521:$C$560,$C$5,$B$521:$B$560,E11)=1,IF(SUMIFS($E$521:$E$560,$C$521:$C$560,$C$5,$B$521:$B$560,E11)=1,IFERROR(INDEX($D$521:$D$560,MATCH(E11&"|"&$C$5,$H$521:$H$560,0)),""),SUMIFS($E$521:$E$560,$C$521:$C$560,$C$5,$B$521:$B$560,E11)&"x"&IFERROR(INDEX($D$521:$D$560,MATCH(E11&"|"&$C$5,$H$521:$H$560,0)),"")),SUMIFS($E$521:$E$560,$C$521:$C$560,$C$5,$B$521:$B$560,E11)&" vols")&")"))) -> (+A320) | F10: =IF(F11="","",TRIM($R$17&IF(SUMIFS($E$521:$E$560,$C$521:$C$560,$C$5,$B$521:$B$560,F11)=0,""," (+"&IF(COUNTIFS($C$521:$C$560,$C$5,$B$521:$B$560,F11)=1,IF(SUMIFS($E$521:$E$560,$C$521:$C$560,$C$5,$B$521:$B$560,F11)=1,IFERROR(INDEX($D$521:$D$560,MATCH(F11&"|"&$C$5,$H$521:$H$560,0)),""),SUMIFS($E$521:$E$560,$C$521:$C$560,$C$5,$B$521:$B$560,F11)&"x"&IFERROR(INDEX($D$521:$D$560,MATCH(F11&"|"&$C$5,$H$521:$H$560,0)),"")),SUMIFS($E$521:$E$560,$C$521:$C$560,$C$5,$B$521:$B$560,F11)&" vols")&")"))) -> A320 | G10: =IF(G11="","",TRIM($S$17&IF(SUMIFS($E$521:$E$560,$C$521:$C$560,$C$5,$B$521:$B$560,G11)=0,""," (+"&IF(COUNTIFS($C$521:$C$560,$C$5,$B$521:$B$560,G11)=1,IF(SUMIFS($E$521:$E$560,$C$521:$C$560,$C$5,$B$521:$B$560,G11)=1,IFERROR(INDEX($D$521:$D$560,MATCH(G11&"|"&$C$5,$H$521:$H$560,0)),""),SUMIFS($E$521:$E$560,$C$521:$C$560,$C$5,$B$521:$B$560,G11)&"x"&IFERROR(INDEX($D$521:$D$560,MATCH(G11&"|"&$C$5,$H$521:$H$560,0)),"")),SUMIFS($E$521:$E$560,$C$521:$C$560,$C$5,$B$521:$B$560,G11)&" vols")&")"))) | H10: =IF(H11="","",TRIM($T$17&IF(SUMIFS($E$521:$E$560,$C$521:$C$560,$C$5,$B$521:$B$560,H11)=0,""," (+"&IF(COUNTIFS($C$521:$C$560,$C$5,$B$521:$B$560,H11)=1,IF(SUMIFS($E$521:$E$560,$C$521:$C$560,$C$5,$B$521:$B$560,H11)=1,IFERROR(INDEX($D$521:$D$560,MATCH(H11&"|"&$C$5,$H$521:$H$560,0)),""),SUMIFS($E$521:$E$560,$C$521:$C$560,$C$5,$B$521:$B$560,H11)&"x"&IFERROR(INDEX($D$521:$D$560,MATCH(H11&"|"&$C$5,$H$521:$H$560,0)),"")),SUMIFS($E$521:$E$560,$C$521:$C$560,$C$5,$B$521:$B$560,H11)&" vols")&")"))) -> A320 (+A320) | I10: =IF(I11="","",TRIM($U$17&IF(SUMIFS($E$521:$E$560,$C$521:$C$560,$C$5,$B$521:$B$560,I11)=0,""," (+"&IF(COUNTIFS($C$521:$C$560,$C$5,$B$521:$B$560,I11)=1,IF(SUMIFS($E$521:$E$560,$C$521:$C$560,$C$5,$B$521:$B$560,I11)=1,IFERROR(INDEX($D$521:$D$560,MATCH(I11&"|"&$C$5,$H$521:$H$560,0)),""),SUMIFS($E$521:$E$560,$C$521:$C$560,$C$5,$B$521:$B$560,I11)&"x"&IFERROR(INDEX($D$521:$D$560,MATCH(I11&"|"&$C$5,$H$521:$H$560,0)),"")),SUMIFS($E$521:$E$560,$C$521:$C$560,$C$5,$B$521:$B$560,I11)&" vols")&")"))) | N10: Total rotations du mois | O10: =IFERROR(INDEX($G$25:$G$36,MATCH($C$5,$B$25:$B$36,0)),"") -> 15 | W10: octobre 2027 | X10: =DATE(2027,10,1) -> 46661 | Z10: RUNTNR
B11: =IF(COUNT(C11:I11)=0,"","du "&TEXT(MIN(C11:I11),"DD/MM")&" au "&TEXT(MAX(C11:I11),"DD/MM")) -> du 05/04 au 11/04 | C11: =IF(OR($O$6+7<$O$4,$O$6+7>$O$5),"",$O$6+7) -> 46482 | D11: =IF(OR($O$6+8<$O$4,$O$6+8>$O$5),"",$O$6+8) -> 46483 | E11: =IF(OR($O$6+9<$O$4,$O$6+9>$O$5),"",$O$6+9) -> 46484 | F11: =IF(OR($O$6+10<$O$4,$O$6+10>$O$5),"",$O$6+10) -> 46485 | G11: =IF(OR($O$6+11<$O$4,$O$6+11>$O$5),"",$O$6+11) -> 46486 | H11: =IF(OR($O$6+12<$O$4,$O$6+12>$O$5),"",$O$6+12) -> 46487 | I11: =IF(OR($O$6+13<$O$4,$O$6+13>$O$5),"",$O$6+13) -> 46488 | N11: dont 77W | O11: =IFERROR(INDEX($J$25:$J$36,MATCH($C$5,$B$25:$B$36,0)),"") -> 0 | W11: novembre 2027 | X11: =DATE(2027,11,1) -> 46692 | Z11: JNBRUN
B12: Semaine 3 | C12: =IF(C13="","",TRIM($O$17&IF(SUMIFS($E$521:$E$560,$C$521:$C$560,$C$5,$B$521:$B$560,C13)=0,""," (+"&IF(COUNTIFS($C$521:$C$560,$C$5,$B$521:$B$560,C13)=1,IF(SUMIFS($E$521:$E$560,$C$521:$C$560,$C$5,$B$521:$B$560,C13)=1,IFERROR(INDEX($D$521:$D$560,MATCH(C13&"|"&$C$5,$H$521:$H$560,0)),""),SUMIFS($E$521:$E$560,$C$521:$C$560,$C$5,$B$521:$B$560,C13)&"x"&IFERROR(INDEX($D$521:$D$560,MATCH(C13&"|"&$C$5,$H$521:$H$560,0)),"")),SUMIFS($E$521:$E$560,$C$521:$C$560,$C$5,$B$521:$B$560,C13)&" vols")&")"))) -> A320 | D12: =IF(D13="","",TRIM($P$17&IF(SUMIFS($E$521:$E$560,$C$521:$C$560,$C$5,$B$521:$B$560,D13)=0,""," (+"&IF(COUNTIFS($C$521:$C$560,$C$5,$B$521:$B$560,D13)=1,IF(SUMIFS($E$521:$E$560,$C$521:$C$560,$C$5,$B$521:$B$560,D13)=1,IFERROR(INDEX($D$521:$D$560,MATCH(D13&"|"&$C$5,$H$521:$H$560,0)),""),SUMIFS($E$521:$E$560,$C$521:$C$560,$C$5,$B$521:$B$560,D13)&"x"&IFERROR(INDEX($D$521:$D$560,MATCH(D13&"|"&$C$5,$H$521:$H$560,0)),"")),SUMIFS($E$521:$E$560,$C$521:$C$560,$C$5,$B$521:$B$560,D13)&" vols")&")"))) | E12: =IF(E13="","",TRIM($Q$17&IF(SUMIFS($E$521:$E$560,$C$521:$C$560,$C$5,$B$521:$B$560,E13)=0,""," (+"&IF(COUNTIFS($C$521:$C$560,$C$5,$B$521:$B$560,E13)=1,IF(SUMIFS($E$521:$E$560,$C$521:$C$560,$C$5,$B$521:$B$560,E13)=1,IFERROR(INDEX($D$521:$D$560,MATCH(E13&"|"&$C$5,$H$521:$H$560,0)),""),SUMIFS($E$521:$E$560,$C$521:$C$560,$C$5,$B$521:$B$560,E13)&"x"&IFERROR(INDEX($D$521:$D$560,MATCH(E13&"|"&$C$5,$H$521:$H$560,0)),"")),SUMIFS($E$521:$E$560,$C$521:$C$560,$C$5,$B$521:$B$560,E13)&" vols")&")"))) | F12: =IF(F13="","",TRIM($R$17&IF(SUMIFS($E$521:$E$560,$C$521:$C$560,$C$5,$B$521:$B$560,F13)=0,""," (+"&IF(COUNTIFS($C$521:$C$560,$C$5,$B$521:$B$560,F13)=1,IF(SUMIFS($E$521:$E$560,$C$521:$C$560,$C$5,$B$521:$B$560,F13)=1,IFERROR(INDEX($D$521:$D$560,MATCH(F13&"|"&$C$5,$H$521:$H$560,0)),""),SUMIFS($E$521:$E$560,$C$521:$C$560,$C$5,$B$521:$B$560,F13)&"x"&IFERROR(INDEX($D$521:$D$560,MATCH(F13&"|"&$C$5,$H$521:$H$560,0)),"")),SUMIFS($E$521:$E$560,$C$521:$C$560,$C$5,$B$521:$B$560,F13)&" vols")&")"))) -> A320 | G12: =IF(G13="","",TRIM($S$17&IF(SUMIFS($E$521:$E$560,$C$521:$C$560,$C$5,$B$521:$B$560,G13)=0,""," (+"&IF(COUNTIFS($C$521:$C$560,$C$5,$B$521:$B$560,G13)=1,IF(SUMIFS($E$521:$E$560,$C$521:$C$560,$C$5,$B$521:$B$560,G13)=1,IFERROR(INDEX($D$521:$D$560,MATCH(G13&"|"&$C$5,$H$521:$H$560,0)),""),SUMIFS($E$521:$E$560,$C$521:$C$560,$C$5,$B$521:$B$560,G13)&"x"&IFERROR(INDEX($D$521:$D$560,MATCH(G13&"|"&$C$5,$H$521:$H$560,0)),"")),SUMIFS($E$521:$E$560,$C$521:$C$560,$C$5,$B$521:$B$560,G13)&" vols")&")"))) | H12: =IF(H13="","",TRIM($T$17&IF(SUMIFS($E$521:$E$560,$C$521:$C$560,$C$5,$B$521:$B$560,H13)=0,""," (+"&IF(COUNTIFS($C$521:$C$560,$C$5,$B$521:$B$560,H13)=1,IF(SUMIFS($E$521:$E$560,$C$521:$C$560,$C$5,$B$521:$B$560,H13)=1,IFERROR(INDEX($D$521:$D$560,MATCH(H13&"|"&$C$5,$H$521:$H$560,0)),""),SUMIFS($E$521:$E$560,$C$521:$C$560,$C$5,$B$521:$B$560,H13)&"x"&IFERROR(INDEX($D$521:$D$560,MATCH(H13&"|"&$C$5,$H$521:$H$560,0)),"")),SUMIFS($E$521:$E$560,$C$521:$C$560,$C$5,$B$521:$B$560,H13)&" vols")&")"))) -> A320 | I12: =IF(I13="","",TRIM($U$17&IF(SUMIFS($E$521:$E$560,$C$521:$C$560,$C$5,$B$521:$B$560,I13)=0,""," (+"&IF(COUNTIFS($C$521:$C$560,$C$5,$B$521:$B$560,I13)=1,IF(SUMIFS($E$521:$E$560,$C$521:$C$560,$C$5,$B$521:$B$560,I13)=1,IFERROR(INDEX($D$521:$D$560,MATCH(I13&"|"&$C$5,$H$521:$H$560,0)),""),SUMIFS($E$521:$E$560,$C$521:$C$560,$C$5,$B$521:$B$560,I13)&"x"&IFERROR(INDEX($D$521:$D$560,MATCH(I13&"|"&$C$5,$H$521:$H$560,0)),"")),SUMIFS($E$521:$E$560,$C$521:$C$560,$C$5,$B$521:$B$560,I13)&" vols")&")"))) | N12: dont 778 | O12: =IFERROR(INDEX($K$25:$K$36,MATCH($C$5,$B$25:$B$36,0)),"") -> 0 | W12: decembre 2027 | X12: =DATE(2027,12,1) -> 46722 | Z12: CPTRUN
B13: =IF(COUNT(C13:I13)=0,"","du "&TEXT(MIN(C13:I13),"DD/MM")&" au "&TEXT(MAX(C13:I13),"DD/MM")) -> du 12/04 au 18/04 | C13: =IF(OR($O$6+14<$O$4,$O$6+14>$O$5),"",$O$6+14) -> 46489 | D13: =IF(OR($O$6+15<$O$4,$O$6+15>$O$5),"",$O$6+15) -> 46490 | E13: =IF(OR($O$6+16<$O$4,$O$6+16>$O$5),"",$O$6+16) -> 46491 | F13: =IF(OR($O$6+17<$O$4,$O$6+17>$O$5),"",$O$6+17) -> 46492 | G13: =IF(OR($O$6+18<$O$4,$O$6+18>$O$5),"",$O$6+18) -> 46493 | H13: =IF(OR($O$6+19<$O$4,$O$6+19>$O$5),"",$O$6+19) -> 46494 | I13: =IF(OR($O$6+20<$O$4,$O$6+20>$O$5),"",$O$6+20) -> 46495 | N13: dont A320 | O13: =IFERROR(INDEX($L$25:$L$36,MATCH($C$5,$B$25:$B$36,0)),"") -> 15 | W13: janvier 2028 | X13: =DATE(2028,1,1) -> 46753 | Z13: DIERUN
B14: Semaine 4 | C14: =IF(C15="","",TRIM($O$17&IF(SUMIFS($E$521:$E$560,$C$521:$C$560,$C$5,$B$521:$B$560,C15)=0,""," (+"&IF(COUNTIFS($C$521:$C$560,$C$5,$B$521:$B$560,C15)=1,IF(SUMIFS($E$521:$E$560,$C$521:$C$560,$C$5,$B$521:$B$560,C15)=1,IFERROR(INDEX($D$521:$D$560,MATCH(C15&"|"&$C$5,$H$521:$H$560,0)),""),SUMIFS($E$521:$E$560,$C$521:$C$560,$C$5,$B$521:$B$560,C15)&"x"&IFERROR(INDEX($D$521:$D$560,MATCH(C15&"|"&$C$5,$H$521:$H$560,0)),"")),SUMIFS($E$521:$E$560,$C$521:$C$560,$C$5,$B$521:$B$560,C15)&" vols")&")"))) -> A320 | D14: =IF(D15="","",TRIM($P$17&IF(SUMIFS($E$521:$E$560,$C$521:$C$560,$C$5,$B$521:$B$560,D15)=0,""," (+"&IF(COUNTIFS($C$521:$C$560,$C$5,$B$521:$B$560,D15)=1,IF(SUMIFS($E$521:$E$560,$C$521:$C$560,$C$5,$B$521:$B$560,D15)=1,IFERROR(INDEX($D$521:$D$560,MATCH(D15&"|"&$C$5,$H$521:$H$560,0)),""),SUMIFS($E$521:$E$560,$C$521:$C$560,$C$5,$B$521:$B$560,D15)&"x"&IFERROR(INDEX($D$521:$D$560,MATCH(D15&"|"&$C$5,$H$521:$H$560,0)),"")),SUMIFS($E$521:$E$560,$C$521:$C$560,$C$5,$B$521:$B$560,D15)&" vols")&")"))) | E14: =IF(E15="","",TRIM($Q$17&IF(SUMIFS($E$521:$E$560,$C$521:$C$560,$C$5,$B$521:$B$560,E15)=0,""," (+"&IF(COUNTIFS($C$521:$C$560,$C$5,$B$521:$B$560,E15)=1,IF(SUMIFS($E$521:$E$560,$C$521:$C$560,$C$5,$B$521:$B$560,E15)=1,IFERROR(INDEX($D$521:$D$560,MATCH(E15&"|"&$C$5,$H$521:$H$560,0)),""),SUMIFS($E$521:$E$560,$C$521:$C$560,$C$5,$B$521:$B$560,E15)&"x"&IFERROR(INDEX($D$521:$D$560,MATCH(E15&"|"&$C$5,$H$521:$H$560,0)),"")),SUMIFS($E$521:$E$560,$C$521:$C$560,$C$5,$B$521:$B$560,E15)&" vols")&")"))) | F14: =IF(F15="","",TRIM($R$17&IF(SUMIFS($E$521:$E$560,$C$521:$C$560,$C$5,$B$521:$B$560,F15)=0,""," (+"&IF(COUNTIFS($C$521:$C$560,$C$5,$B$521:$B$560,F15)=1,IF(SUMIFS($E$521:$E$560,$C$521:$C$560,$C$5,$B$521:$B$560,F15)=1,IFERROR(INDEX($D$521:$D$560,MATCH(F15&"|"&$C$5,$H$521:$H$560,0)),""),SUMIFS($E$521:$E$560,$C$521:$C$560,$C$5,$B$521:$B$560,F15)&"x"&IFERROR(INDEX($D$521:$D$560,MATCH(F15&"|"&$C$5,$H$521:$H$560,0)),"")),SUMIFS($E$521:$E$560,$C$521:$C$560,$C$5,$B$521:$B$560,F15)&" vols")&")"))) -> A320 | G14: =IF(G15="","",TRIM($S$17&IF(SUMIFS($E$521:$E$560,$C$521:$C$560,$C$5,$B$521:$B$560,G15)=0,""," (+"&IF(COUNTIFS($C$521:$C$560,$C$5,$B$521:$B$560,G15)=1,IF(SUMIFS($E$521:$E$560,$C$521:$C$560,$C$5,$B$521:$B$560,G15)=1,IFERROR(INDEX($D$521:$D$560,MATCH(G15&"|"&$C$5,$H$521:$H$560,0)),""),SUMIFS($E$521:$E$560,$C$521:$C$560,$C$5,$B$521:$B$560,G15)&"x"&IFERROR(INDEX($D$521:$D$560,MATCH(G15&"|"&$C$5,$H$521:$H$560,0)),"")),SUMIFS($E$521:$E$560,$C$521:$C$560,$C$5,$B$521:$B$560,G15)&" vols")&")"))) | H14: =IF(H15="","",TRIM($T$17&IF(SUMIFS($E$521:$E$560,$C$521:$C$560,$C$5,$B$521:$B$560,H15)=0,""," (+"&IF(COUNTIFS($C$521:$C$560,$C$5,$B$521:$B$560,H15)=1,IF(SUMIFS($E$521:$E$560,$C$521:$C$560,$C$5,$B$521:$B$560,H15)=1,IFERROR(INDEX($D$521:$D$560,MATCH(H15&"|"&$C$5,$H$521:$H$560,0)),""),SUMIFS($E$521:$E$560,$C$521:$C$560,$C$5,$B$521:$B$560,H15)&"x"&IFERROR(INDEX($D$521:$D$560,MATCH(H15&"|"&$C$5,$H$521:$H$560,0)),"")),SUMIFS($E$521:$E$560,$C$521:$C$560,$C$5,$B$521:$B$560,H15)&" vols")&")"))) -> A320 | I14: =IF(I15="","",TRIM($U$17&IF(SUMIFS($E$521:$E$560,$C$521:$C$560,$C$5,$B$521:$B$560,I15)=0,""," (+"&IF(COUNTIFS($C$521:$C$560,$C$5,$B$521:$B$560,I15)=1,IF(SUMIFS($E$521:$E$560,$C$521:$C$560,$C$5,$B$521:$B$560,I15)=1,IFERROR(INDEX($D$521:$D$560,MATCH(I15&"|"&$C$5,$H$521:$H$560,0)),""),SUMIFS($E$521:$E$560,$C$521:$C$560,$C$5,$B$521:$B$560,I15)&"x"&IFERROR(INDEX($D$521:$D$560,MATCH(I15&"|"&$C$5,$H$521:$H$560,0)),"")),SUMIFS($E$521:$E$560,$C$521:$C$560,$C$5,$B$521:$B$560,I15)&" vols")&")"))) | W14: fevrier 2028 | X14: =DATE(2028,2,1) -> 46784 | Z14: RRGRUN
B15: =IF(COUNT(C15:I15)=0,"","du "&TEXT(MIN(C15:I15),"DD/MM")&" au "&TEXT(MAX(C15:I15),"DD/MM")) -> du 19/04 au 25/04 | C15: =IF(OR($O$6+21<$O$4,$O$6+21>$O$5),"",$O$6+21) -> 46496 | D15: =IF(OR($O$6+22<$O$4,$O$6+22>$O$5),"",$O$6+22) -> 46497 | E15: =IF(OR($O$6+23<$O$4,$O$6+23>$O$5),"",$O$6+23) -> 46498 | F15: =IF(OR($O$6+24<$O$4,$O$6+24>$O$5),"",$O$6+24) -> 46499 | G15: =IF(OR($O$6+25<$O$4,$O$6+25>$O$5),"",$O$6+25) -> 46500 | H15: =IF(OR($O$6+26<$O$4,$O$6+26>$O$5),"",$O$6+26) -> 46501 | I15: =IF(OR($O$6+27<$O$4,$O$6+27>$O$5),"",$O$6+27) -> 46502 | N15: PROGRAMME DE LA ROUTE FILTREE (auto - alimente la grille) | W15: mars 2028 | X15: =DATE(2028,3,1) -> 46813 | Z15: TMMRUN
B16: Semaine 5 | C16: =IF(C17="","",TRIM($O$17&IF(SUMIFS($E$521:$E$560,$C$521:$C$560,$C$5,$B$521:$B$560,C17)=0,""," (+"&IF(COUNTIFS($C$521:$C$560,$C$5,$B$521:$B$560,C17)=1,IF(SUMIFS($E$521:$E$560,$C$521:$C$560,$C$5,$B$521:$B$560,C17)=1,IFERROR(INDEX($D$521:$D$560,MATCH(C17&"|"&$C$5,$H$521:$H$560,0)),""),SUMIFS($E$521:$E$560,$C$521:$C$560,$C$5,$B$521:$B$560,C17)&"x"&IFERROR(INDEX($D$521:$D$560,MATCH(C17&"|"&$C$5,$H$521:$H$560,0)),"")),SUMIFS($E$521:$E$560,$C$521:$C$560,$C$5,$B$521:$B$560,C17)&" vols")&")"))) -> A320 | D16: =IF(D17="","",TRIM($P$17&IF(SUMIFS($E$521:$E$560,$C$521:$C$560,$C$5,$B$521:$B$560,D17)=0,""," (+"&IF(COUNTIFS($C$521:$C$560,$C$5,$B$521:$B$560,D17)=1,IF(SUMIFS($E$521:$E$560,$C$521:$C$560,$C$5,$B$521:$B$560,D17)=1,IFERROR(INDEX($D$521:$D$560,MATCH(D17&"|"&$C$5,$H$521:$H$560,0)),""),SUMIFS($E$521:$E$560,$C$521:$C$560,$C$5,$B$521:$B$560,D17)&"x"&IFERROR(INDEX($D$521:$D$560,MATCH(D17&"|"&$C$5,$H$521:$H$560,0)),"")),SUMIFS($E$521:$E$560,$C$521:$C$560,$C$5,$B$521:$B$560,D17)&" vols")&")"))) | E16: =IF(E17="","",TRIM($Q$17&IF(SUMIFS($E$521:$E$560,$C$521:$C$560,$C$5,$B$521:$B$560,E17)=0,""," (+"&IF(COUNTIFS($C$521:$C$560,$C$5,$B$521:$B$560,E17)=1,IF(SUMIFS($E$521:$E$560,$C$521:$C$560,$C$5,$B$521:$B$560,E17)=1,IFERROR(INDEX($D$521:$D$560,MATCH(E17&"|"&$C$5,$H$521:$H$560,0)),""),SUMIFS($E$521:$E$560,$C$521:$C$560,$C$5,$B$521:$B$560,E17)&"x"&IFERROR(INDEX($D$521:$D$560,MATCH(E17&"|"&$C$5,$H$521:$H$560,0)),"")),SUMIFS($E$521:$E$560,$C$521:$C$560,$C$5,$B$521:$B$560,E17)&" vols")&")"))) | F16: =IF(F17="","",TRIM($R$17&IF(SUMIFS($E$521:$E$560,$C$521:$C$560,$C$5,$B$521:$B$560,F17)=0,""," (+"&IF(COUNTIFS($C$521:$C$560,$C$5,$B$521:$B$560,F17)=1,IF(SUMIFS($E$521:$E$560,$C$521:$C$560,$C$5,$B$521:$B$560,F17)=1,IFERROR(INDEX($D$521:$D$560,MATCH(F17&"|"&$C$5,$H$521:$H$560,0)),""),SUMIFS($E$521:$E$560,$C$521:$C$560,$C$5,$B$521:$B$560,F17)&"x"&IFERROR(INDEX($D$521:$D$560,MATCH(F17&"|"&$C$5,$H$521:$H$560,0)),"")),SUMIFS($E$521:$E$560,$C$521:$C$560,$C$5,$B$521:$B$560,F17)&" vols")&")"))) -> A320 | G16: =IF(G17="","",TRIM($S$17&IF(SUMIFS($E$521:$E$560,$C$521:$C$560,$C$5,$B$521:$B$560,G17)=0,""," (+"&IF(COUNTIFS($C$521:$C$560,$C$5,$B$521:$B$560,G17)=1,IF(SUMIFS($E$521:$E$560,$C$521:$C$560,$C$5,$B$521:$B$560,G17)=1,IFERROR(INDEX($D$521:$D$560,MATCH(G17&"|"&$C$5,$H$521:$H$560,0)),""),SUMIFS($E$521:$E$560,$C$521:$C$560,$C$5,$B$521:$B$560,G17)&"x"&IFERROR(INDEX($D$521:$D$560,MATCH(G17&"|"&$C$5,$H$521:$H$560,0)),"")),SUMIFS($E$521:$E$560,$C$521:$C$560,$C$5,$B$521:$B$560,G17)&" vols")&")"))) | H16: =IF(H17="","",TRIM($T$17&IF(SUMIFS($E$521:$E$560,$C$521:$C$560,$C$5,$B$521:$B$560,H17)=0,""," (+"&IF(COUNTIFS($C$521:$C$560,$C$5,$B$521:$B$560,H17)=1,IF(SUMIFS($E$521:$E$560,$C$521:$C$560,$C$5,$B$521:$B$560,H17)=1,IFERROR(INDEX($D$521:$D$560,MATCH(H17&"|"&$C$5,$H$521:$H$560,0)),""),SUMIFS($E$521:$E$560,$C$521:$C$560,$C$5,$B$521:$B$560,H17)&"x"&IFERROR(INDEX($D$521:$D$560,MATCH(H17&"|"&$C$5,$H$521:$H$560,0)),"")),SUMIFS($E$521:$E$560,$C$521:$C$560,$C$5,$B$521:$B$560,H17)&" vols")&")"))) | I16: =IF(I17="","",TRIM($U$17&IF(SUMIFS($E$521:$E$560,$C$521:$C$560,$C$5,$B$521:$B$560,I17)=0,""," (+"&IF(COUNTIFS($C$521:$C$560,$C$5,$B$521:$B$560,I17)=1,IF(SUMIFS($E$521:$E$560,$C$521:$C$560,$C$5,$B$521:$B$560,I17)=1,IFERROR(INDEX($D$521:$D$560,MATCH(I17&"|"&$C$5,$H$521:$H$560,0)),""),SUMIFS($E$521:$E$560,$C$521:$C$560,$C$5,$B$521:$B$560,I17)&"x"&IFERROR(INDEX($D$521:$D$560,MATCH(I17&"|"&$C$5,$H$521:$H$560,0)),"")),SUMIFS($E$521:$E$560,$C$521:$C$560,$C$5,$B$521:$B$560,I17)&" vols")&")"))) | N16: Jour | O16: J1 | P16: J2 | Q16: J3 | R16: J4 | S16: J5 | T16: J6 | U16: J7
B17: =IF(COUNT(C17:I17)=0,"","du "&TEXT(MIN(C17:I17),"DD/MM")&" au "&TEXT(MAX(C17:I17),"DD/MM")) -> du 26/04 au 30/04 | C17: =IF(OR($O$6+28<$O$4,$O$6+28>$O$5),"",$O$6+28) -> 46503 | D17: =IF(OR($O$6+29<$O$4,$O$6+29>$O$5),"",$O$6+29) -> 46504 | E17: =IF(OR($O$6+30<$O$4,$O$6+30>$O$5),"",$O$6+30) -> 46505 | F17: =IF(OR($O$6+31<$O$4,$O$6+31>$O$5),"",$O$6+31) -> 46506 | G17: =IF(OR($O$6+32<$O$4,$O$6+32>$O$5),"",$O$6+32) -> 46507 | H17: =IF(OR($O$6+33<$O$4,$O$6+33>$O$5),"",$O$6+33) | I17: =IF(OR($O$6+34<$O$4,$O$6+34>$O$5),"",$O$6+34) | N17: Vols du jour (affichage grille) | O17: =IF(O$18="","","77W")&IF(O$19="","",IF(O$18="","","/")&"778")&IF(O$20="","",IF(AND(O$18="",O$19=""),"","/")&"A320") -> A320 | P17: =IF(P$18="","","77W")&IF(P$19="","",IF(P$18="","","/")&"778")&IF(P$20="","",IF(AND(P$18="",P$19=""),"","/")&"A320") | Q17: =IF(Q$18="","","77W")&IF(Q$19="","",IF(Q$18="","","/")&"778")&IF(Q$20="","",IF(AND(Q$18="",Q$19=""),"","/")&"A320") | R17: =IF(R$18="","","77W")&IF(R$19="","",IF(R$18="","","/")&"778")&IF(R$20="","",IF(AND(R$18="",R$19=""),"","/")&"A320") -> A320 | S17: =IF(S$18="","","77W")&IF(S$19="","",IF(S$18="","","/")&"778")&IF(S$20="","",IF(AND(S$18="",S$19=""),"","/")&"A320") | T17: =IF(T$18="","","77W")&IF(T$19="","",IF(T$18="","","/")&"778")&IF(T$20="","",IF(AND(T$18="",T$19=""),"","/")&"A320") -> A320 | U17: =IF(U$18="","","77W")&IF(U$19="","",IF(U$18="","","/")&"778")&IF(U$20="","",IF(AND(U$18="",U$19=""),"","/")&"A320")
B18: Semaine 6 | C18: =IF(C19="","",TRIM($O$17&IF(SUMIFS($E$521:$E$560,$C$521:$C$560,$C$5,$B$521:$B$560,C19)=0,""," (+"&IF(COUNTIFS($C$521:$C$560,$C$5,$B$521:$B$560,C19)=1,IF(SUMIFS($E$521:$E$560,$C$521:$C$560,$C$5,$B$521:$B$560,C19)=1,IFERROR(INDEX($D$521:$D$560,MATCH(C19&"|"&$C$5,$H$521:$H$560,0)),""),SUMIFS($E$521:$E$560,$C$521:$C$560,$C$5,$B$521:$B$560,C19)&"x"&IFERROR(INDEX($D$521:$D$560,MATCH(C19&"|"&$C$5,$H$521:$H$560,0)),"")),SUMIFS($E$521:$E$560,$C$521:$C$560,$C$5,$B$521:$B$560,C19)&" vols")&")"))) | D18: =IF(D19="","",TRIM($P$17&IF(SUMIFS($E$521:$E$560,$C$521:$C$560,$C$5,$B$521:$B$560,D19)=0,""," (+"&IF(COUNTIFS($C$521:$C$560,$C$5,$B$521:$B$560,D19)=1,IF(SUMIFS($E$521:$E$560,$C$521:$C$560,$C$5,$B$521:$B$560,D19)=1,IFERROR(INDEX($D$521:$D$560,MATCH(D19&"|"&$C$5,$H$521:$H$560,0)),""),SUMIFS($E$521:$E$560,$C$521:$C$560,$C$5,$B$521:$B$560,D19)&"x"&IFERROR(INDEX($D$521:$D$560,MATCH(D19&"|"&$C$5,$H$521:$H$560,0)),"")),SUMIFS($E$521:$E$560,$C$521:$C$560,$C$5,$B$521:$B$560,D19)&" vols")&")"))) | E18: =IF(E19="","",TRIM($Q$17&IF(SUMIFS($E$521:$E$560,$C$521:$C$560,$C$5,$B$521:$B$560,E19)=0,""," (+"&IF(COUNTIFS($C$521:$C$560,$C$5,$B$521:$B$560,E19)=1,IF(SUMIFS($E$521:$E$560,$C$521:$C$560,$C$5,$B$521:$B$560,E19)=1,IFERROR(INDEX($D$521:$D$560,MATCH(E19&"|"&$C$5,$H$521:$H$560,0)),""),SUMIFS($E$521:$E$560,$C$521:$C$560,$C$5,$B$521:$B$560,E19)&"x"&IFERROR(INDEX($D$521:$D$560,MATCH(E19&"|"&$C$5,$H$521:$H$560,0)),"")),SUMIFS($E$521:$E$560,$C$521:$C$560,$C$5,$B$521:$B$560,E19)&" vols")&")"))) | F18: =IF(F19="","",TRIM($R$17&IF(SUMIFS($E$521:$E$560,$C$521:$C$560,$C$5,$B$521:$B$560,F19)=0,""," (+"&IF(COUNTIFS($C$521:$C$560,$C$5,$B$521:$B$560,F19)=1,IF(SUMIFS($E$521:$E$560,$C$521:$C$560,$C$5,$B$521:$B$560,F19)=1,IFERROR(INDEX($D$521:$D$560,MATCH(F19&"|"&$C$5,$H$521:$H$560,0)),""),SUMIFS($E$521:$E$560,$C$521:$C$560,$C$5,$B$521:$B$560,F19)&"x"&IFERROR(INDEX($D$521:$D$560,MATCH(F19&"|"&$C$5,$H$521:$H$560,0)),"")),SUMIFS($E$521:$E$560,$C$521:$C$560,$C$5,$B$521:$B$560,F19)&" vols")&")"))) | G18: =IF(G19="","",TRIM($S$17&IF(SUMIFS($E$521:$E$560,$C$521:$C$560,$C$5,$B$521:$B$560,G19)=0,""," (+"&IF(COUNTIFS($C$521:$C$560,$C$5,$B$521:$B$560,G19)=1,IF(SUMIFS($E$521:$E$560,$C$521:$C$560,$C$5,$B$521:$B$560,G19)=1,IFERROR(INDEX($D$521:$D$560,MATCH(G19&"|"&$C$5,$H$521:$H$560,0)),""),SUMIFS($E$521:$E$560,$C$521:$C$560,$C$5,$B$521:$B$560,G19)&"x"&IFERROR(INDEX($D$521:$D$560,MATCH(G19&"|"&$C$5,$H$521:$H$560,0)),"")),SUMIFS($E$521:$E$560,$C$521:$C$560,$C$5,$B$521:$B$560,G19)&" vols")&")"))) | H18: =IF(H19="","",TRIM($T$17&IF(SUMIFS($E$521:$E$560,$C$521:$C$560,$C$5,$B$521:$B$560,H19)=0,""," (+"&IF(COUNTIFS($C$521:$C$560,$C$5,$B$521:$B$560,H19)=1,IF(SUMIFS($E$521:$E$560,$C$521:$C$560,$C$5,$B$521:$B$560,H19)=1,IFERROR(INDEX($D$521:$D$560,MATCH(H19&"|"&$C$5,$H$521:$H$560,0)),""),SUMIFS($E$521:$E$560,$C$521:$C$560,$C$5,$B$521:$B$560,H19)&"x"&IFERROR(INDEX($D$521:$D$560,MATCH(H19&"|"&$C$5,$H$521:$H$560,0)),"")),SUMIFS($E$521:$E$560,$C$521:$C$560,$C$5,$B$521:$B$560,H19)&" vols")&")"))) | I18: =IF(I19="","",TRIM($U$17&IF(SUMIFS($E$521:$E$560,$C$521:$C$560,$C$5,$B$521:$B$560,I19)=0,""," (+"&IF(COUNTIFS($C$521:$C$560,$C$5,$B$521:$B$560,I19)=1,IF(SUMIFS($E$521:$E$560,$C$521:$C$560,$C$5,$B$521:$B$560,I19)=1,IFERROR(INDEX($D$521:$D$560,MATCH(I19&"|"&$C$5,$H$521:$H$560,0)),""),SUMIFS($E$521:$E$560,$C$521:$C$560,$C$5,$B$521:$B$560,I19)&"x"&IFERROR(INDEX($D$521:$D$560,MATCH(I19&"|"&$C$5,$H$521:$H$560,0)),"")),SUMIFS($E$521:$E$560,$C$521:$C$560,$C$5,$B$521:$B$560,I19)&" vols")&")"))) | N18: 77W opere ? | O18: =IFERROR(INDEX($O$24:$U$59,(MATCH($C$5,$Z$4:$Z$15,0)-1)*3+1,1)&"","") | P18: =IFERROR(INDEX($O$24:$U$59,(MATCH($C$5,$Z$4:$Z$15,0)-1)*3+1,2)&"","") | Q18: =IFERROR(INDEX($O$24:$U$59,(MATCH($C$5,$Z$4:$Z$15,0)-1)*3+1,3)&"","") | R18: =IFERROR(INDEX($O$24:$U$59,(MATCH($C$5,$Z$4:$Z$15,0)-1)*3+1,4)&"","") | S18: =IFERROR(INDEX($O$24:$U$59,(MATCH($C$5,$Z$4:$Z$15,0)-1)*3+1,5)&"","") | T18: =IFERROR(INDEX($O$24:$U$59,(MATCH($C$5,$Z$4:$Z$15,0)-1)*3+1,6)&"","") | U18: =IFERROR(INDEX($O$24:$U$59,(MATCH($C$5,$Z$4:$Z$15,0)-1)*3+1,7)&"","")
B19: =IF(COUNT(C19:I19)=0,"","du "&TEXT(MIN(C19:I19),"DD/MM")&" au "&TEXT(MAX(C19:I19),"DD/MM")) | C19: =IF(OR($O$6+35<$O$4,$O$6+35>$O$5),"",$O$6+35) | D19: =IF(OR($O$6+36<$O$4,$O$6+36>$O$5),"",$O$6+36) | E19: =IF(OR($O$6+37<$O$4,$O$6+37>$O$5),"",$O$6+37) | F19: =IF(OR($O$6+38<$O$4,$O$6+38>$O$5),"",$O$6+38) | G19: =IF(OR($O$6+39<$O$4,$O$6+39>$O$5),"",$O$6+39) | H19: =IF(OR($O$6+40<$O$4,$O$6+40>$O$5),"",$O$6+40) | I19: =IF(OR($O$6+41<$O$4,$O$6+41>$O$5),"",$O$6+41) | N19: 778 opere ? | O19: =IFERROR(INDEX($O$24:$U$59,(MATCH($C$5,$Z$4:$Z$15,0)-1)*3+2,1)&"","") | P19: =IFERROR(INDEX($O$24:$U$59,(MATCH($C$5,$Z$4:$Z$15,0)-1)*3+2,2)&"","") | Q19: =IFERROR(INDEX($O$24:$U$59,(MATCH($C$5,$Z$4:$Z$15,0)-1)*3+2,3)&"","") | R19: =IFERROR(INDEX($O$24:$U$59,(MATCH($C$5,$Z$4:$Z$15,0)-1)*3+2,4)&"","") | S19: =IFERROR(INDEX($O$24:$U$59,(MATCH($C$5,$Z$4:$Z$15,0)-1)*3+2,5)&"","") | T19: =IFERROR(INDEX($O$24:$U$59,(MATCH($C$5,$Z$4:$Z$15,0)-1)*3+2,6)&"","") | U19: =IFERROR(INDEX($O$24:$U$59,(MATCH($C$5,$Z$4:$Z$15,0)-1)*3+2,7)&"","")
B20: Occurrences du jour dans le mois | C20: =COUNT(C9,C11,C13,C15,C17,C19) -> 4 | D20: =COUNT(D9,D11,D13,D15,D17,D19) -> 4 | E20: =COUNT(E9,E11,E13,E15,E17,E19) -> 4 | F20: =COUNT(F9,F11,F13,F15,F17,F19) -> 5 | G20: =COUNT(G9,G11,G13,G15,G17,G19) -> 5 | H20: =COUNT(H9,H11,H13,H15,H17,H19) -> 4 | I20: =COUNT(I9,I11,I13,I15,I17,I19) -> 4 | N20: A320 opere ? | O20: =IFERROR(INDEX($O$24:$U$59,(MATCH($C$5,$Z$4:$Z$15,0)-1)*3+3,1)&"","") -> x | P20: =IFERROR(INDEX($O$24:$U$59,(MATCH($C$5,$Z$4:$Z$15,0)-1)*3+3,2)&"","") | Q20: =IFERROR(INDEX($O$24:$U$59,(MATCH($C$5,$Z$4:$Z$15,0)-1)*3+3,3)&"","") | R20: =IFERROR(INDEX($O$24:$U$59,(MATCH($C$5,$Z$4:$Z$15,0)-1)*3+3,4)&"","") -> x | S20: =IFERROR(INDEX($O$24:$U$59,(MATCH($C$5,$Z$4:$Z$15,0)-1)*3+3,5)&"","") | T20: =IFERROR(INDEX($O$24:$U$59,(MATCH($C$5,$Z$4:$Z$15,0)-1)*3+3,6)&"","") -> x | U20: =IFERROR(INDEX($O$24:$U$59,(MATCH($C$5,$Z$4:$Z$15,0)-1)*3+3,7)&"","")
B21: Nb de semaines calendaires du mois | C21: =IF(COUNT(C9:I9)>0,1,0)+IF(COUNT(C11:I11)>0,1,0)+IF(COUNT(C13:I13)>0,1,0)+IF(COUNT(C15:I15)>0,1,0)+IF(COUNT(C17:I17)>0,1,0)+IF(COUNT(C19:I19)>0,1,0) -> 5 | D21: Lecture : "778" = 1 vol du programme | "77W/778/A320" = 2 ou 3 vols le meme jour | "778 (+A320)" = programme + vol additionnel (bordure rouge) | "(+A320)" = vol additionnel seul.
N22: PROGRAMME DU MOIS FILTRE, TOUTES ROUTES (auto - recopie du tableau du mois)
B23: RECAPITULATIF MENSUEL - TOUTES ROUTES (depend uniquement du filtre Mois) | N23: Route / type | O23: J1 | P23: J2 | Q23: J3 | R23: J4 | S23: J5 | T23: J6 | U23: J7
B24: Route | C24: Type(s) avion | D24: Semaine type du mois (jours J1-J7) | E24: Rotations/semaine | F24: Nb de semaines/occurrences dans le mois | G24: Total rotations du mois | H24: dont programme du mois | I24: dont vols additionnels | J24: Total 77W | K24: Total 778 | L24: Total A320 | N24: CDGRUN - 77W | O24: =IFERROR(INDEX($D$49:$J$513,($O$7-1)*39+1,1)&"","") -> x | P24: =IFERROR(INDEX($D$49:$J$513,($O$7-1)*39+1,2)&"","") -> x | Q24: =IFERROR(INDEX($D$49:$J$513,($O$7-1)*39+1,3)&"","") -> x | R24: =IFERROR(INDEX($D$49:$J$513,($O$7-1)*39+1,4)&"","") -> x | S24: =IFERROR(INDEX($D$49:$J$513,($O$7-1)*39+1,5)&"","") -> x | T24: =IFERROR(INDEX($D$49:$J$513,($O$7-1)*39+1,6)&"","") -> x | U24: =IFERROR(INDEX($D$49:$J$513,($O$7-1)*39+1,7)&"","") -> x
B25: =$Z$4 -> CDGRUN | C25: =IF(E25=0,"-",SUBSTITUTE(TRIM(IF(SUMPRODUCT(--($O$24:$U$24<>""))>0,"77W("&SUMPRODUCT(--($O$24:$U$24<>""))&") ","")&IF(SUMPRODUCT(--($O$25:$U$25<>""))>0,"778("&SUMPRODUCT(--($O$25:$U$25<>""))&") ","")&IF(SUMPRODUCT(--($O$26:$U$26<>""))>0,"A320("&SUMPRODUCT(--($O$26:$U$26<>""))&") ",""))," ",", ")) -> 77W(7), 778(2), A320(1) | D25: =IF(E25=0,"aucune operation",SUBSTITUTE(TRIM(IF(SUMPRODUCT(--($O$24:$O$26<>""))>0,"J1 ","")&IF(SUMPRODUCT(--($P$24:$P$26<>""))>0,"J2 ","")&IF(SUMPRODUCT(--($Q$24:$Q$26<>""))>0,"J3 ","")&IF(SUMPRODUCT(--($R$24:$R$26<>""))>0,"J4 ","")&IF(SUMPRODUCT(--($S$24:$S$26<>""))>0,"J5 ","")&IF(SUMPRODUCT(--($T$24:$T$26<>""))>0,"J6 ","")&IF(SUMPRODUCT(--($U$24:$U$26<>""))>0,"J7 ",""))," ",", ")) -> J1, J2, J3, J4, J5, J6, J7 | E25: =SUMPRODUCT(--($O$24:$U$26<>"")) -> 10 | F25: =$C$21 -> 5 | G25: =H25+I25 -> 45 | H25: =SUMPRODUCT($C$20:$I$20,--($O$24:$U$24<>""))+SUMPRODUCT($C$20:$I$20,--($O$25:$U$25<>""))+SUMPRODUCT($C$20:$I$20,--($O$26:$U$26<>"")) -> 43 | I25: =SUMIFS($E$521:$E$560,$C$521:$C$560,$B25,$B$521:$B$560,">="&$O$4,$B$521:$B$560,"<="&$O$5) -> 2 | J25: =SUMPRODUCT($C$20:$I$20,--($O$24:$U$24<>""))+SUMIFS($E$521:$E$560,$C$521:$C$560,$B25,$D$521:$D$560,"77W",$B$521:$B$560,">="&$O$4,$B$521:$B$560,"<="&$O$5) -> 30 | K25: =SUMPRODUCT($C$20:$I$20,--($O$25:$U$25<>""))+SUMIFS($E$521:$E$560,$C$521:$C$560,$B25,$D$521:$D$560,"778",$B$521:$B$560,">="&$O$4,$B$521:$B$560,"<="&$O$5) -> 11 | L25: =SUMPRODUCT($C$20:$I$20,--($O$26:$U$26<>""))+SUMIFS($E$521:$E$560,$C$521:$C$560,$B25,$D$521:$D$560,"A320",$B$521:$B$560,">="&$O$4,$B$521:$B$560,"<="&$O$5) -> 4 | N25: CDGRUN - 778 | O25: =IFERROR(INDEX($D$49:$J$513,($O$7-1)*39+2,1)&"","") -> x | P25: =IFERROR(INDEX($D$49:$J$513,($O$7-1)*39+2,2)&"","") | Q25: =IFERROR(INDEX($D$49:$J$513,($O$7-1)*39+2,3)&"","") | R25: =IFERROR(INDEX($D$49:$J$513,($O$7-1)*39+2,4)&"","") | S25: =IFERROR(INDEX($D$49:$J$513,($O$7-1)*39+2,5)&"","") -> x | T25: =IFERROR(INDEX($D$49:$J$513,($O$7-1)*39+2,6)&"","") | U25: =IFERROR(INDEX($D$49:$J$513,($O$7-1)*39+2,7)&"","")
B26: =$Z$5 -> CDGDZA | C26: =IF(E26=0,"-",SUBSTITUTE(TRIM(IF(SUMPRODUCT(--($O$27:$U$27<>""))>0,"77W("&SUMPRODUCT(--($O$27:$U$27<>""))&") ","")&IF(SUMPRODUCT(--($O$28:$U$28<>""))>0,"778("&SUMPRODUCT(--($O$28:$U$28<>""))&") ","")&IF(SUMPRODUCT(--($O$29:$U$29<>""))>0,"A320("&SUMPRODUCT(--($O$29:$U$29<>""))&") ",""))," ",", ")) -> 77W(1), 778(2) | D26: =IF(E26=0,"aucune operation",SUBSTITUTE(TRIM(IF(SUMPRODUCT(--($O$27:$O$29<>""))>0,"J1 ","")&IF(SUMPRODUCT(--($P$27:$P$29<>""))>0,"J2 ","")&IF(SUMPRODUCT(--($Q$27:$Q$29<>""))>0,"J3 ","")&IF(SUMPRODUCT(--($R$27:$R$29<>""))>0,"J4 ","")&IF(SUMPRODUCT(--($S$27:$S$29<>""))>0,"J5 ","")&IF(SUMPRODUCT(--($T$27:$T$29<>""))>0,"J6 ","")&IF(SUMPRODUCT(--($U$27:$U$29<>""))>0,"J7 ",""))," ",", ")) -> J2, J5, J7 | E26: =SUMPRODUCT(--($O$27:$U$29<>"")) -> 3 | F26: =$C$21 -> 5 | G26: =H26+I26 -> 13 | H26: =SUMPRODUCT($C$20:$I$20,--($O$27:$U$27<>""))+SUMPRODUCT($C$20:$I$20,--($O$28:$U$28<>""))+SUMPRODUCT($C$20:$I$20,--($O$29:$U$29<>"")) -> 13 | I26: =SUMIFS($E$521:$E$560,$C$521:$C$560,$B26,$B$521:$B$560,">="&$O$4,$B$521:$B$560,"<="&$O$5) -> 0 | J26: =SUMPRODUCT($C$20:$I$20,--($O$27:$U$27<>""))+SUMIFS($E$521:$E$560,$C$521:$C$560,$B26,$D$521:$D$560,"77W",$B$521:$B$560,">="&$O$4,$B$521:$B$560,"<="&$O$5) -> 4 | K26: =SUMPRODUCT($C$20:$I$20,--($O$28:$U$28<>""))+SUMIFS($E$521:$E$560,$C$521:$C$560,$B26,$D$521:$D$560,"778",$B$521:$B$560,">="&$O$4,$B$521:$B$560,"<="&$O$5) -> 9 | L26: =SUMPRODUCT($C$20:$I$20,--($O$29:$U$29<>""))+SUMIFS($E$521:$E$560,$C$521:$C$560,$B26,$D$521:$D$560,"A320",$B$521:$B$560,">="&$O$4,$B$521:$B$560,"<="&$O$5) -> 0 | N26: CDGRUN - A320 | O26: =IFERROR(INDEX($D$49:$J$513,($O$7-1)*39+3,1)&"","") -> x | P26: =IFERROR(INDEX($D$49:$J$513,($O$7-1)*39+3,2)&"","") | Q26: =IFERROR(INDEX($D$49:$J$513,($O$7-1)*39+3,3)&"","") | R26: =IFERROR(INDEX($D$49:$J$513,($O$7-1)*39+3,4)&"","") | S26: =IFERROR(INDEX($D$49:$J$513,($O$7-1)*39+3,5)&"","") | T26: =IFERROR(INDEX($D$49:$J$513,($O$7-1)*39+3,6)&"","") | U26: =IFERROR(INDEX($D$49:$J$513,($O$7-1)*39+3,7)&"","")
B27: =$Z$6 -> BKKRUN | C27: =IF(E27=0,"-",SUBSTITUTE(TRIM(IF(SUMPRODUCT(--($O$30:$U$30<>""))>0,"77W("&SUMPRODUCT(--($O$30:$U$30<>""))&") ","")&IF(SUMPRODUCT(--($O$31:$U$31<>""))>0,"778("&SUMPRODUCT(--($O$31:$U$31<>""))&") ","")&IF(SUMPRODUCT(--($O$32:$U$32<>""))>0,"A320("&SUMPRODUCT(--($O$32:$U$32<>""))&") ",""))," ",", ")) -> 778(2) | D27: =IF(E27=0,"aucune operation",SUBSTITUTE(TRIM(IF(SUMPRODUCT(--($O$30:$O$32<>""))>0,"J1 ","")&IF(SUMPRODUCT(--($P$30:$P$32<>""))>0,"J2 ","")&IF(SUMPRODUCT(--($Q$30:$Q$32<>""))>0,"J3 ","")&IF(SUMPRODUCT(--($R$30:$R$32<>""))>0,"J4 ","")&IF(SUMPRODUCT(--($S$30:$S$32<>""))>0,"J5 ","")&IF(SUMPRODUCT(--($T$30:$T$32<>""))>0,"J6 ","")&IF(SUMPRODUCT(--($U$30:$U$32<>""))>0,"J7 ",""))," ",", ")) -> J3, J6 | E27: =SUMPRODUCT(--($O$30:$U$32<>"")) -> 2 | F27: =$C$21 -> 5 | G27: =H27+I27 -> 8 | H27: =SUMPRODUCT($C$20:$I$20,--($O$30:$U$30<>""))+SUMPRODUCT($C$20:$I$20,--($O$31:$U$31<>""))+SUMPRODUCT($C$20:$I$20,--($O$32:$U$32<>"")) -> 8 | I27: =SUMIFS($E$521:$E$560,$C$521:$C$560,$B27,$B$521:$B$560,">="&$O$4,$B$521:$B$560,"<="&$O$5) -> 0 | J27: =SUMPRODUCT($C$20:$I$20,--($O$30:$U$30<>""))+SUMIFS($E$521:$E$560,$C$521:$C$560,$B27,$D$521:$D$560,"77W",$B$521:$B$560,">="&$O$4,$B$521:$B$560,"<="&$O$5) -> 0 | K27: =SUMPRODUCT($C$20:$I$20,--($O$31:$U$31<>""))+SUMIFS($E$521:$E$560,$C$521:$C$560,$B27,$D$521:$D$560,"778",$B$521:$B$560,">="&$O$4,$B$521:$B$560,"<="&$O$5) -> 8 | L27: =SUMPRODUCT($C$20:$I$20,--($O$32:$U$32<>""))+SUMIFS($E$521:$E$560,$C$521:$C$560,$B27,$D$521:$D$560,"A320",$B$521:$B$560,">="&$O$4,$B$521:$B$560,"<="&$O$5) -> 0 | N27: CDGDZA - 77W | O27: =IFERROR(INDEX($D$49:$J$513,($O$7-1)*39+4,1)&"","") | P27: =IFERROR(INDEX($D$49:$J$513,($O$7-1)*39+4,2)&"","") | Q27: =IFERROR(INDEX($D$49:$J$513,($O$7-1)*39+4,3)&"","") | R27: =IFERROR(INDEX($D$49:$J$513,($O$7-1)*39+4,4)&"","") | S27: =IFERROR(INDEX($D$49:$J$513,($O$7-1)*39+4,5)&"","") | T27: =IFERROR(INDEX($D$49:$J$513,($O$7-1)*39+4,6)&"","") | U27: =IFERROR(INDEX($D$49:$J$513,($O$7-1)*39+4,7)&"","") -> x
B28: =$Z$7 -> DZARUN | C28: =IF(E28=0,"-",SUBSTITUTE(TRIM(IF(SUMPRODUCT(--($O$33:$U$33<>""))>0,"77W("&SUMPRODUCT(--($O$33:$U$33<>""))&") ","")&IF(SUMPRODUCT(--($O$34:$U$34<>""))>0,"778("&SUMPRODUCT(--($O$34:$U$34<>""))&") ","")&IF(SUMPRODUCT(--($O$35:$U$35<>""))>0,"A320("&SUMPRODUCT(--($O$35:$U$35<>""))&") ",""))," ",", ")) -> 778(1), A320(5) | D28: =IF(E28=0,"aucune operation",SUBSTITUTE(TRIM(IF(SUMPRODUCT(--($O$33:$O$35<>""))>0,"J1 ","")&IF(SUMPRODUCT(--($P$33:$P$35<>""))>0,"J2 ","")&IF(SUMPRODUCT(--($Q$33:$Q$35<>""))>0,"J3 ","")&IF(SUMPRODUCT(--($R$33:$R$35<>""))>0,"J4 ","")&IF(SUMPRODUCT(--($S$33:$S$35<>""))>0,"J5 ","")&IF(SUMPRODUCT(--($T$33:$T$35<>""))>0,"J6 ","")&IF(SUMPRODUCT(--($U$33:$U$35<>""))>0,"J7 ",""))," ",", ")) -> J1, J2, J3, J4, J5 | E28: =SUMPRODUCT(--($O$33:$U$35<>"")) -> 6 | F28: =$C$21 -> 5 | G28: =H28+I28 -> 26 | H28: =SUMPRODUCT($C$20:$I$20,--($O$33:$U$33<>""))+SUMPRODUCT($C$20:$I$20,--($O$34:$U$34<>""))+SUMPRODUCT($C$20:$I$20,--($O$35:$U$35<>"")) -> 26 | I28: =SUMIFS($E$521:$E$560,$C$521:$C$560,$B28,$B$521:$B$560,">="&$O$4,$B$521:$B$560,"<="&$O$5) -> 0 | J28: =SUMPRODUCT($C$20:$I$20,--($O$33:$U$33<>""))+SUMIFS($E$521:$E$560,$C$521:$C$560,$B28,$D$521:$D$560,"77W",$B$521:$B$560,">="&$O$4,$B$521:$B$560,"<="&$O$5) -> 0 | K28: =SUMPRODUCT($C$20:$I$20,--($O$34:$U$34<>""))+SUMIFS($E$521:$E$560,$C$521:$C$560,$B28,$D$521:$D$560,"778",$B$521:$B$560,">="&$O$4,$B$521:$B$560,"<="&$O$5) -> 4 | L28: =SUMPRODUCT($C$20:$I$20,--($O$35:$U$35<>""))+SUMIFS($E$521:$E$560,$C$521:$C$560,$B28,$D$521:$D$560,"A320",$B$521:$B$560,">="&$O$4,$B$521:$B$560,"<="&$O$5) -> 22 | N28: CDGDZA - 778 | O28: =IFERROR(INDEX($D$49:$J$513,($O$7-1)*39+5,1)&"","") | P28: =IFERROR(INDEX($D$49:$J$513,($O$7-1)*39+5,2)&"","") -> x | Q28: =IFERROR(INDEX($D$49:$J$513,($O$7-1)*39+5,3)&"","") | R28: =IFERROR(INDEX($D$49:$J$513,($O$7-1)*39+5,4)&"","") | S28: =IFERROR(INDEX($D$49:$J$513,($O$7-1)*39+5,5)&"","") -> x | T28: =IFERROR(INDEX($D$49:$J$513,($O$7-1)*39+5,6)&"","") | U28: =IFERROR(INDEX($D$49:$J$513,($O$7-1)*39+5,7)&"","")
B29: =$Z$8 -> MRURUN | C29: =IF(E29=0,"-",SUBSTITUTE(TRIM(IF(SUMPRODUCT(--($O$36:$U$36<>""))>0,"77W("&SUMPRODUCT(--($O$36:$U$36<>""))&") ","")&IF(SUMPRODUCT(--($O$37:$U$37<>""))>0,"778("&SUMPRODUCT(--($O$37:$U$37<>""))&") ","")&IF(SUMPRODUCT(--($O$38:$U$38<>""))>0,"A320("&SUMPRODUCT(--($O$38:$U$38<>""))&") ",""))," ",", ")) -> A320(4) | D29: =IF(E29=0,"aucune operation",SUBSTITUTE(TRIM(IF(SUMPRODUCT(--($O$36:$O$38<>""))>0,"J1 ","")&IF(SUMPRODUCT(--($P$36:$P$38<>""))>0,"J2 ","")&IF(SUMPRODUCT(--($Q$36:$Q$38<>""))>0,"J3 ","")&IF(SUMPRODUCT(--($R$36:$R$38<>""))>0,"J4 ","")&IF(SUMPRODUCT(--($S$36:$S$38<>""))>0,"J5 ","")&IF(SUMPRODUCT(--($T$36:$T$38<>""))>0,"J6 ","")&IF(SUMPRODUCT(--($U$36:$U$38<>""))>0,"J7 ",""))," ",", ")) -> J1, J3, J5, J7 | E29: =SUMPRODUCT(--($O$36:$U$38<>"")) -> 4 | F29: =$C$21 -> 5 | G29: =H29+I29 -> 17 | H29: =SUMPRODUCT($C$20:$I$20,--($O$36:$U$36<>""))+SUMPRODUCT($C$20:$I$20,--($O$37:$U$37<>""))+SUMPRODUCT($C$20:$I$20,--($O$38:$U$38<>"")) -> 17 | I29: =SUMIFS($E$521:$E$560,$C$521:$C$560,$B29,$B$521:$B$560,">="&$O$4,$B$521:$B$560,"<="&$O$5) -> 0 | J29: =SUMPRODUCT($C$20:$I$20,--($O$36:$U$36<>""))+SUMIFS($E$521:$E$560,$C$521:$C$560,$B29,$D$521:$D$560,"77W",$B$521:$B$560,">="&$O$4,$B$521:$B$560,"<="&$O$5) -> 0 | K29: =SUMPRODUCT($C$20:$I$20,--($O$37:$U$37<>""))+SUMIFS($E$521:$E$560,$C$521:$C$560,$B29,$D$521:$D$560,"778",$B$521:$B$560,">="&$O$4,$B$521:$B$560,"<="&$O$5) -> 0 | L29: =SUMPRODUCT($C$20:$I$20,--($O$38:$U$38<>""))+SUMIFS($E$521:$E$560,$C$521:$C$560,$B29,$D$521:$D$560,"A320",$B$521:$B$560,">="&$O$4,$B$521:$B$560,"<="&$O$5) -> 17 | N29: CDGDZA - A320 | O29: =IFERROR(INDEX($D$49:$J$513,($O$7-1)*39+6,1)&"","") | P29: =IFERROR(INDEX($D$49:$J$513,($O$7-1)*39+6,2)&"","") | Q29: =IFERROR(INDEX($D$49:$J$513,($O$7-1)*39+6,3)&"","") | R29: =IFERROR(INDEX($D$49:$J$513,($O$7-1)*39+6,4)&"","") | S29: =IFERROR(INDEX($D$49:$J$513,($O$7-1)*39+6,5)&"","") | T29: =IFERROR(INDEX($D$49:$J$513,($O$7-1)*39+6,6)&"","") | U29: =IFERROR(INDEX($D$49:$J$513,($O$7-1)*39+6,7)&"","")
B30: =$Z$9 -> NOSRUN | C30: =IF(E30=0,"-",SUBSTITUTE(TRIM(IF(SUMPRODUCT(--($O$39:$U$39<>""))>0,"77W("&SUMPRODUCT(--($O$39:$U$39<>""))&") ","")&IF(SUMPRODUCT(--($O$40:$U$40<>""))>0,"778("&SUMPRODUCT(--($O$40:$U$40<>""))&") ","")&IF(SUMPRODUCT(--($O$41:$U$41<>""))>0,"A320("&SUMPRODUCT(--($O$41:$U$41<>""))&") ",""))," ",", ")) -> A320(3) | D30: =IF(E30=0,"aucune operation",SUBSTITUTE(TRIM(IF(SUMPRODUCT(--($O$39:$O$41<>""))>0,"J1 ","")&IF(SUMPRODUCT(--($P$39:$P$41<>""))>0,"J2 ","")&IF(SUMPRODUCT(--($Q$39:$Q$41<>""))>0,"J3 ","")&IF(SUMPRODUCT(--($R$39:$R$41<>""))>0,"J4 ","")&IF(SUMPRODUCT(--($S$39:$S$41<>""))>0,"J5 ","")&IF(SUMPRODUCT(--($T$39:$T$41<>""))>0,"J6 ","")&IF(SUMPRODUCT(--($U$39:$U$41<>""))>0,"J7 ",""))," ",", ")) -> J1, J4, J6 | E30: =SUMPRODUCT(--($O$39:$U$41<>"")) -> 3 | F30: =$C$21 -> 5 | G30: =H30+I30 -> 15 | H30: =SUMPRODUCT($C$20:$I$20,--($O$39:$U$39<>""))+SUMPRODUCT($C$20:$I$20,--($O$40:$U$40<>""))+SUMPRODUCT($C$20:$I$20,--($O$41:$U$41<>"")) -> 13 | I30: =SUMIFS($E$521:$E$560,$C$521:$C$560,$B30,$B$521:$B$560,">="&$O$4,$B$521:$B$560,"<="&$O$5) -> 2 | J30: =SUMPRODUCT($C$20:$I$20,--($O$39:$U$39<>""))+SUMIFS($E$521:$E$560,$C$521:$C$560,$B30,$D$521:$D$560,"77W",$B$521:$B$560,">="&$O$4,$B$521:$B$560,"<="&$O$5) -> 0 | K30: =SUMPRODUCT($C$20:$I$20,--($O$40:$U$40<>""))+SUMIFS($E$521:$E$560,$C$521:$C$560,$B30,$D$521:$D$560,"778",$B$521:$B$560,">="&$O$4,$B$521:$B$560,"<="&$O$5) -> 0 | L30: =SUMPRODUCT($C$20:$I$20,--($O$41:$U$41<>""))+SUMIFS($E$521:$E$560,$C$521:$C$560,$B30,$D$521:$D$560,"A320",$B$521:$B$560,">="&$O$4,$B$521:$B$560,"<="&$O$5) -> 15 | N30: BKKRUN - 77W | O30: =IFERROR(INDEX($D$49:$J$513,($O$7-1)*39+7,1)&"","") | P30: =IFERROR(INDEX($D$49:$J$513,($O$7-1)*39+7,2)&"","") | Q30: =IFERROR(INDEX($D$49:$J$513,($O$7-1)*39+7,3)&"","") | R30: =IFERROR(INDEX($D$49:$J$513,($O$7-1)*39+7,4)&"","") | S30: =IFERROR(INDEX($D$49:$J$513,($O$7-1)*39+7,5)&"","") | T30: =IFERROR(INDEX($D$49:$J$513,($O$7-1)*39+7,6)&"","") | U30: =IFERROR(INDEX($D$49:$J$513,($O$7-1)*39+7,7)&"","")
B31: =$Z$10 -> RUNTNR | C31: =IF(E31=0,"-",SUBSTITUTE(TRIM(IF(SUMPRODUCT(--($O$42:$U$42<>""))>0,"77W("&SUMPRODUCT(--($O$42:$U$42<>""))&") ","")&IF(SUMPRODUCT(--($O$43:$U$43<>""))>0,"778("&SUMPRODUCT(--($O$43:$U$43<>""))&") ","")&IF(SUMPRODUCT(--($O$44:$U$44<>""))>0,"A320("&SUMPRODUCT(--($O$44:$U$44<>""))&") ",""))," ",", ")) -> A320(3) | D31: =IF(E31=0,"aucune operation",SUBSTITUTE(TRIM(IF(SUMPRODUCT(--($O$42:$O$44<>""))>0,"J1 ","")&IF(SUMPRODUCT(--($P$42:$P$44<>""))>0,"J2 ","")&IF(SUMPRODUCT(--($Q$42:$Q$44<>""))>0,"J3 ","")&IF(SUMPRODUCT(--($R$42:$R$44<>""))>0,"J4 ","")&IF(SUMPRODUCT(--($S$42:$S$44<>""))>0,"J5 ","")&IF(SUMPRODUCT(--($T$42:$T$44<>""))>0,"J6 ","")&IF(SUMPRODUCT(--($U$42:$U$44<>""))>0,"J7 ",""))," ",", ")) -> J2, J4, J6 | E31: =SUMPRODUCT(--($O$42:$U$44<>"")) -> 3 | F31: =$C$21 -> 5 | G31: =H31+I31 -> 13 | H31: =SUMPRODUCT($C$20:$I$20,--($O$42:$U$42<>""))+SUMPRODUCT($C$20:$I$20,--($O$43:$U$43<>""))+SUMPRODUCT($C$20:$I$20,--($O$44:$U$44<>"")) -> 13 | I31: =SUMIFS($E$521:$E$560,$C$521:$C$560,$B31,$B$521:$B$560,">="&$O$4,$B$521:$B$560,"<="&$O$5) -> 0 | J31: =SUMPRODUCT($C$20:$I$20,--($O$42:$U$42<>""))+SUMIFS($E$521:$E$560,$C$521:$C$560,$B31,$D$521:$D$560,"77W",$B$521:$B$560,">="&$O$4,$B$521:$B$560,"<="&$O$5) -> 0 | K31: =SUMPRODUCT($C$20:$I$20,--($O$43:$U$43<>""))+SUMIFS($E$521:$E$560,$C$521:$C$560,$B31,$D$521:$D$560,"778",$B$521:$B$560,">="&$O$4,$B$521:$B$560,"<="&$O$5) -> 0 | L31: =SUMPRODUCT($C$20:$I$20,--($O$44:$U$44<>""))+SUMIFS($E$521:$E$560,$C$521:$C$560,$B31,$D$521:$D$560,"A320",$B$521:$B$560,">="&$O$4,$B$521:$B$560,"<="&$O$5) -> 13 | N31: BKKRUN - 778 | O31: =IFERROR(INDEX($D$49:$J$513,($O$7-1)*39+8,1)&"","") | P31: =IFERROR(INDEX($D$49:$J$513,($O$7-1)*39+8,2)&"","") | Q31: =IFERROR(INDEX($D$49:$J$513,($O$7-1)*39+8,3)&"","") -> x | R31: =IFERROR(INDEX($D$49:$J$513,($O$7-1)*39+8,4)&"","") | S31: =IFERROR(INDEX($D$49:$J$513,($O$7-1)*39+8,5)&"","") | T31: =IFERROR(INDEX($D$49:$J$513,($O$7-1)*39+8,6)&"","") -> x | U31: =IFERROR(INDEX($D$49:$J$513,($O$7-1)*39+8,7)&"","")
B32: =$Z$11 -> JNBRUN | C32: =IF(E32=0,"-",SUBSTITUTE(TRIM(IF(SUMPRODUCT(--($O$45:$U$45<>""))>0,"77W("&SUMPRODUCT(--($O$45:$U$45<>""))&") ","")&IF(SUMPRODUCT(--($O$46:$U$46<>""))>0,"778("&SUMPRODUCT(--($O$46:$U$46<>""))&") ","")&IF(SUMPRODUCT(--($O$47:$U$47<>""))>0,"A320("&SUMPRODUCT(--($O$47:$U$47<>""))&") ",""))," ",", ")) -> 778(2) | D32: =IF(E32=0,"aucune operation",SUBSTITUTE(TRIM(IF(SUMPRODUCT(--($O$45:$O$47<>""))>0,"J1 ","")&IF(SUMPRODUCT(--($P$45:$P$47<>""))>0,"J2 ","")&IF(SUMPRODUCT(--($Q$45:$Q$47<>""))>0,"J3 ","")&IF(SUMPRODUCT(--($R$45:$R$47<>""))>0,"J4 ","")&IF(SUMPRODUCT(--($S$45:$S$47<>""))>0,"J5 ","")&IF(SUMPRODUCT(--($T$45:$T$47<>""))>0,"J6 ","")&IF(SUMPRODUCT(--($U$45:$U$47<>""))>0,"J7 ",""))," ",", ")) -> J1, J5 | E32: =SUMPRODUCT(--($O$45:$U$47<>"")) -> 2 | F32: =$C$21 -> 5 | G32: =H32+I32 -> 9 | H32: =SUMPRODUCT($C$20:$I$20,--($O$45:$U$45<>""))+SUMPRODUCT($C$20:$I$20,--($O$46:$U$46<>""))+SUMPRODUCT($C$20:$I$20,--($O$47:$U$47<>"")) -> 9 | I32: =SUMIFS($E$521:$E$560,$C$521:$C$560,$B32,$B$521:$B$560,">="&$O$4,$B$521:$B$560,"<="&$O$5) -> 0 | J32: =SUMPRODUCT($C$20:$I$20,--($O$45:$U$45<>""))+SUMIFS($E$521:$E$560,$C$521:$C$560,$B32,$D$521:$D$560,"77W",$B$521:$B$560,">="&$O$4,$B$521:$B$560,"<="&$O$5) -> 0 | K32: =SUMPRODUCT($C$20:$I$20,--($O$46:$U$46<>""))+SUMIFS($E$521:$E$560,$C$521:$C$560,$B32,$D$521:$D$560,"778",$B$521:$B$560,">="&$O$4,$B$521:$B$560,"<="&$O$5) -> 9 | L32: =SUMPRODUCT($C$20:$I$20,--($O$47:$U$47<>""))+SUMIFS($E$521:$E$560,$C$521:$C$560,$B32,$D$521:$D$560,"A320",$B$521:$B$560,">="&$O$4,$B$521:$B$560,"<="&$O$5) -> 0 | N32: BKKRUN - A320 | O32: =IFERROR(INDEX($D$49:$J$513,($O$7-1)*39+9,1)&"","") | P32: =IFERROR(INDEX($D$49:$J$513,($O$7-1)*39+9,2)&"","") | Q32: =IFERROR(INDEX($D$49:$J$513,($O$7-1)*39+9,3)&"","") | R32: =IFERROR(INDEX($D$49:$J$513,($O$7-1)*39+9,4)&"","") | S32: =IFERROR(INDEX($D$49:$J$513,($O$7-1)*39+9,5)&"","") | T32: =IFERROR(INDEX($D$49:$J$513,($O$7-1)*39+9,6)&"","") | U32: =IFERROR(INDEX($D$49:$J$513,($O$7-1)*39+9,7)&"","")
B33: =$Z$12 -> CPTRUN | C33: =IF(E33=0,"-",SUBSTITUTE(TRIM(IF(SUMPRODUCT(--($O$48:$U$48<>""))>0,"77W("&SUMPRODUCT(--($O$48:$U$48<>""))&") ","")&IF(SUMPRODUCT(--($O$49:$U$49<>""))>0,"778("&SUMPRODUCT(--($O$49:$U$49<>""))&") ","")&IF(SUMPRODUCT(--($O$50:$U$50<>""))>0,"A320("&SUMPRODUCT(--($O$50:$U$50<>""))&") ",""))," ",", ")) -> 778(1) | D33: =IF(E33=0,"aucune operation",SUBSTITUTE(TRIM(IF(SUMPRODUCT(--($O$48:$O$50<>""))>0,"J1 ","")&IF(SUMPRODUCT(--($P$48:$P$50<>""))>0,"J2 ","")&IF(SUMPRODUCT(--($Q$48:$Q$50<>""))>0,"J3 ","")&IF(SUMPRODUCT(--($R$48:$R$50<>""))>0,"J4 ","")&IF(SUMPRODUCT(--($S$48:$S$50<>""))>0,"J5 ","")&IF(SUMPRODUCT(--($T$48:$T$50<>""))>0,"J6 ","")&IF(SUMPRODUCT(--($U$48:$U$50<>""))>0,"J7 ",""))," ",", ")) -> J4 | E33: =SUMPRODUCT(--($O$48:$U$50<>"")) -> 1 | F33: =$C$21 -> 5 | G33: =H33+I33 -> 5 | H33: =SUMPRODUCT($C$20:$I$20,--($O$48:$U$48<>""))+SUMPRODUCT($C$20:$I$20,--($O$49:$U$49<>""))+SUMPRODUCT($C$20:$I$20,--($O$50:$U$50<>"")) -> 5 | I33: =SUMIFS($E$521:$E$560,$C$521:$C$560,$B33,$B$521:$B$560,">="&$O$4,$B$521:$B$560,"<="&$O$5) -> 0 | J33: =SUMPRODUCT($C$20:$I$20,--($O$48:$U$48<>""))+SUMIFS($E$521:$E$560,$C$521:$C$560,$B33,$D$521:$D$560,"77W",$B$521:$B$560,">="&$O$4,$B$521:$B$560,"<="&$O$5) -> 0 | K33: =SUMPRODUCT($C$20:$I$20,--($O$49:$U$49<>""))+SUMIFS($E$521:$E$560,$C$521:$C$560,$B33,$D$521:$D$560,"778",$B$521:$B$560,">="&$O$4,$B$521:$B$560,"<="&$O$5) -> 5 | L33: =SUMPRODUCT($C$20:$I$20,--($O$50:$U$50<>""))+SUMIFS($E$521:$E$560,$C$521:$C$560,$B33,$D$521:$D$560,"A320",$B$521:$B$560,">="&$O$4,$B$521:$B$560,"<="&$O$5) -> 0 | N33: DZARUN - 77W | O33: =IFERROR(INDEX($D$49:$J$513,($O$7-1)*39+10,1)&"","") | P33: =IFERROR(INDEX($D$49:$J$513,($O$7-1)*39+10,2)&"","") | Q33: =IFERROR(INDEX($D$49:$J$513,($O$7-1)*39+10,3)&"","") | R33: =IFERROR(INDEX($D$49:$J$513,($O$7-1)*39+10,4)&"","") | S33: =IFERROR(INDEX($D$49:$J$513,($O$7-1)*39+10,5)&"","") | T33: =IFERROR(INDEX($D$49:$J$513,($O$7-1)*39+10,6)&"","") | U33: =IFERROR(INDEX($D$49:$J$513,($O$7-1)*39+10,7)&"","")
B34: =$Z$13 -> DIERUN | C34: =IF(E34=0,"-",SUBSTITUTE(TRIM(IF(SUMPRODUCT(--($O$51:$U$51<>""))>0,"77W("&SUMPRODUCT(--($O$51:$U$51<>""))&") ","")&IF(SUMPRODUCT(--($O$52:$U$52<>""))>0,"778("&SUMPRODUCT(--($O$52:$U$52<>""))&") ","")&IF(SUMPRODUCT(--($O$53:$U$53<>""))>0,"A320("&SUMPRODUCT(--($O$53:$U$53<>""))&") ",""))," ",", ")) -> A320(2) | D34: =IF(E34=0,"aucune operation",SUBSTITUTE(TRIM(IF(SUMPRODUCT(--($O$51:$O$53<>""))>0,"J1 ","")&IF(SUMPRODUCT(--($P$51:$P$53<>""))>0,"J2 ","")&IF(SUMPRODUCT(--($Q$51:$Q$53<>""))>0,"J3 ","")&IF(SUMPRODUCT(--($R$51:$R$53<>""))>0,"J4 ","")&IF(SUMPRODUCT(--($S$51:$S$53<>""))>0,"J5 ","")&IF(SUMPRODUCT(--($T$51:$T$53<>""))>0,"J6 ","")&IF(SUMPRODUCT(--($U$51:$U$53<>""))>0,"J7 ",""))," ",", ")) -> J2, J6 | E34: =SUMPRODUCT(--($O$51:$U$53<>"")) -> 2 | F34: =$C$21 -> 5 | G34: =H34+I34 -> 8 | H34: =SUMPRODUCT($C$20:$I$20,--($O$51:$U$51<>""))+SUMPRODUCT($C$20:$I$20,--($O$52:$U$52<>""))+SUMPRODUCT($C$20:$I$20,--($O$53:$U$53<>"")) -> 8 | I34: =SUMIFS($E$521:$E$560,$C$521:$C$560,$B34,$B$521:$B$560,">="&$O$4,$B$521:$B$560,"<="&$O$5) -> 0 | J34: =SUMPRODUCT($C$20:$I$20,--($O$51:$U$51<>""))+SUMIFS($E$521:$E$560,$C$521:$C$560,$B34,$D$521:$D$560,"77W",$B$521:$B$560,">="&$O$4,$B$521:$B$560,"<="&$O$5) -> 0 | K34: =SUMPRODUCT($C$20:$I$20,--($O$52:$U$52<>""))+SUMIFS($E$521:$E$560,$C$521:$C$560,$B34,$D$521:$D$560,"778",$B$521:$B$560,">="&$O$4,$B$521:$B$560,"<="&$O$5) -> 0 | L34: =SUMPRODUCT($C$20:$I$20,--($O$53:$U$53<>""))+SUMIFS($E$521:$E$560,$C$521:$C$560,$B34,$D$521:$D$560,"A320",$B$521:$B$560,">="&$O$4,$B$521:$B$560,"<="&$O$5) -> 8 | N34: DZARUN - 778 | O34: =IFERROR(INDEX($D$49:$J$513,($O$7-1)*39+11,1)&"","") | P34: =IFERROR(INDEX($D$49:$J$513,($O$7-1)*39+11,2)&"","") | Q34: =IFERROR(INDEX($D$49:$J$513,($O$7-1)*39+11,3)&"","") -> x | R34: =IFERROR(INDEX($D$49:$J$513,($O$7-1)*39+11,4)&"","") | S34: =IFERROR(INDEX($D$49:$J$513,($O$7-1)*39+11,5)&"","") | T34: =IFERROR(INDEX($D$49:$J$513,($O$7-1)*39+11,6)&"","") | U34: =IFERROR(INDEX($D$49:$J$513,($O$7-1)*39+11,7)&"","")
B35: =$Z$14 -> RRGRUN | C35: =IF(E35=0,"-",SUBSTITUTE(TRIM(IF(SUMPRODUCT(--($O$54:$U$54<>""))>0,"77W("&SUMPRODUCT(--($O$54:$U$54<>""))&") ","")&IF(SUMPRODUCT(--($O$55:$U$55<>""))>0,"778("&SUMPRODUCT(--($O$55:$U$55<>""))&") ","")&IF(SUMPRODUCT(--($O$56:$U$56<>""))>0,"A320("&SUMPRODUCT(--($O$56:$U$56<>""))&") ",""))," ",", ")) -> A320(6) | D35: =IF(E35=0,"aucune operation",SUBSTITUTE(TRIM(IF(SUMPRODUCT(--($O$54:$O$56<>""))>0,"J1 ","")&IF(SUMPRODUCT(--($P$54:$P$56<>""))>0,"J2 ","")&IF(SUMPRODUCT(--($Q$54:$Q$56<>""))>0,"J3 ","")&IF(SUMPRODUCT(--($R$54:$R$56<>""))>0,"J4 ","")&IF(SUMPRODUCT(--($S$54:$S$56<>""))>0,"J5 ","")&IF(SUMPRODUCT(--($T$54:$T$56<>""))>0,"J6 ","")&IF(SUMPRODUCT(--($U$54:$U$56<>""))>0,"J7 ",""))," ",", ")) -> J1, J2, J3, J4, J5, J6 | E35: =SUMPRODUCT(--($O$54:$U$56<>"")) -> 6 | F35: =$C$21 -> 5 | G35: =H35+I35 -> 26 | H35: =SUMPRODUCT($C$20:$I$20,--($O$54:$U$54<>""))+SUMPRODUCT($C$20:$I$20,--($O$55:$U$55<>""))+SUMPRODUCT($C$20:$I$20,--($O$56:$U$56<>"")) -> 26 | I35: =SUMIFS($E$521:$E$560,$C$521:$C$560,$B35,$B$521:$B$560,">="&$O$4,$B$521:$B$560,"<="&$O$5) -> 0 | J35: =SUMPRODUCT($C$20:$I$20,--($O$54:$U$54<>""))+SUMIFS($E$521:$E$560,$C$521:$C$560,$B35,$D$521:$D$560,"77W",$B$521:$B$560,">="&$O$4,$B$521:$B$560,"<="&$O$5) -> 0 | K35: =SUMPRODUCT($C$20:$I$20,--($O$55:$U$55<>""))+SUMIFS($E$521:$E$560,$C$521:$C$560,$B35,$D$521:$D$560,"778",$B$521:$B$560,">="&$O$4,$B$521:$B$560,"<="&$O$5) -> 0 | L35: =SUMPRODUCT($C$20:$I$20,--($O$56:$U$56<>""))+SUMIFS($E$521:$E$560,$C$521:$C$560,$B35,$D$521:$D$560,"A320",$B$521:$B$560,">="&$O$4,$B$521:$B$560,"<="&$O$5) -> 26 | N35: DZARUN - A320 | O35: =IFERROR(INDEX($D$49:$J$513,($O$7-1)*39+12,1)&"","") -> x | P35: =IFERROR(INDEX($D$49:$J$513,($O$7-1)*39+12,2)&"","") -> x | Q35: =IFERROR(INDEX($D$49:$J$513,($O$7-1)*39+12,3)&"","") -> x | R35: =IFERROR(INDEX($D$49:$J$513,($O$7-1)*39+12,4)&"","") -> x | S35: =IFERROR(INDEX($D$49:$J$513,($O$7-1)*39+12,5)&"","") -> x | T35: =IFERROR(INDEX($D$49:$J$513,($O$7-1)*39+12,6)&"","") | U35: =IFERROR(INDEX($D$49:$J$513,($O$7-1)*39+12,7)&"","")
B36: =$Z$15 -> TMMRUN | C36: =IF(E36=0,"-",SUBSTITUTE(TRIM(IF(SUMPRODUCT(--($O$57:$U$57<>""))>0,"77W("&SUMPRODUCT(--($O$57:$U$57<>""))&") ","")&IF(SUMPRODUCT(--($O$58:$U$58<>""))>0,"778("&SUMPRODUCT(--($O$58:$U$58<>""))&") ","")&IF(SUMPRODUCT(--($O$59:$U$59<>""))>0,"A320("&SUMPRODUCT(--($O$59:$U$59<>""))&") ",""))," ",", ")) -> A320(2) | D36: =IF(E36=0,"aucune operation",SUBSTITUTE(TRIM(IF(SUMPRODUCT(--($O$57:$O$59<>""))>0,"J1 ","")&IF(SUMPRODUCT(--($P$57:$P$59<>""))>0,"J2 ","")&IF(SUMPRODUCT(--($Q$57:$Q$59<>""))>0,"J3 ","")&IF(SUMPRODUCT(--($R$57:$R$59<>""))>0,"J4 ","")&IF(SUMPRODUCT(--($S$57:$S$59<>""))>0,"J5 ","")&IF(SUMPRODUCT(--($T$57:$T$59<>""))>0,"J6 ","")&IF(SUMPRODUCT(--($U$57:$U$59<>""))>0,"J7 ",""))," ",", ")) -> J3, J7 | E36: =SUMPRODUCT(--($O$57:$U$59<>"")) -> 2 | F36: =$C$21 -> 5 | G36: =H36+I36 -> 8 | H36: =SUMPRODUCT($C$20:$I$20,--($O$57:$U$57<>""))+SUMPRODUCT($C$20:$I$20,--($O$58:$U$58<>""))+SUMPRODUCT($C$20:$I$20,--($O$59:$U$59<>"")) -> 8 | I36: =SUMIFS($E$521:$E$560,$C$521:$C$560,$B36,$B$521:$B$560,">="&$O$4,$B$521:$B$560,"<="&$O$5) -> 0 | J36: =SUMPRODUCT($C$20:$I$20,--($O$57:$U$57<>""))+SUMIFS($E$521:$E$560,$C$521:$C$560,$B36,$D$521:$D$560,"77W",$B$521:$B$560,">="&$O$4,$B$521:$B$560,"<="&$O$5) -> 0 | K36: =SUMPRODUCT($C$20:$I$20,--($O$58:$U$58<>""))+SUMIFS($E$521:$E$560,$C$521:$C$560,$B36,$D$521:$D$560,"778",$B$521:$B$560,">="&$O$4,$B$521:$B$560,"<="&$O$5) -> 0 | L36: =SUMPRODUCT($C$20:$I$20,--($O$59:$U$59<>""))+SUMIFS($E$521:$E$560,$C$521:$C$560,$B36,$D$521:$D$560,"A320",$B$521:$B$560,">="&$O$4,$B$521:$B$560,"<="&$O$5) -> 8 | N36: MRURUN - 77W | O36: =IFERROR(INDEX($D$49:$J$513,($O$7-1)*39+13,1)&"","") | P36: =IFERROR(INDEX($D$49:$J$513,($O$7-1)*39+13,2)&"","") | Q36: =IFERROR(INDEX($D$49:$J$513,($O$7-1)*39+13,3)&"","") | R36: =IFERROR(INDEX($D$49:$J$513,($O$7-1)*39+13,4)&"","") | S36: =IFERROR(INDEX($D$49:$J$513,($O$7-1)*39+13,5)&"","") | T36: =IFERROR(INDEX($D$49:$J$513,($O$7-1)*39+13,6)&"","") | U36: =IFERROR(INDEX($D$49:$J$513,($O$7-1)*39+13,7)&"","")
B37: TOTAL GENERAL | E37: =SUM(E25:E36) -> 44 | F37: =$C$21 -> 5 | G37: =SUM(G25:G36) -> 193 | H37: =SUM(H25:H36) -> 189 | I37: =SUM(I25:I36) -> 4 | J37: =SUM(J25:J36) -> 34 | K37: =SUM(K25:K36) -> 46 | L37: =SUM(L25:L36) -> 113 | N37: MRURUN - 778 | O37: =IFERROR(INDEX($D$49:$J$513,($O$7-1)*39+14,1)&"","") | P37: =IFERROR(INDEX($D$49:$J$513,($O$7-1)*39+14,2)&"","") | Q37: =IFERROR(INDEX($D$49:$J$513,($O$7-1)*39+14,3)&"","") | R37: =IFERROR(INDEX($D$49:$J$513,($O$7-1)*39+14,4)&"","") | S37: =IFERROR(INDEX($D$49:$J$513,($O$7-1)*39+14,5)&"","") | T37: =IFERROR(INDEX($D$49:$J$513,($O$7-1)*39+14,6)&"","") | U37: =IFERROR(INDEX($D$49:$J$513,($O$7-1)*39+14,7)&"","")
B38: Methode : le recapitulatif lit le tableau de saisie du mois filtre. Pour chaque jour coche, le nombre d'occurrences de ce jour dans le mois est compte a partir des dates reelles de la grille (ligne "Occurrences du jour dans le mois", semaines partielles incluses), chaque type avion etant compte separement. Total rotations du mois = programme du mois + vols additionnels dates. Une case cochee = 1 rotation ; pour deux rotations du meme type le meme jour, utiliser la table des vols additionnels. | N38: MRURUN - A320 | O38: =IFERROR(INDEX($D$49:$J$513,($O$7-1)*39+15,1)&"","") -> x | P38: =IFERROR(INDEX($D$49:$J$513,($O$7-1)*39+15,2)&"","") | Q38: =IFERROR(INDEX($D$49:$J$513,($O$7-1)*39+15,3)&"","") -> x | R38: =IFERROR(INDEX($D$49:$J$513,($O$7-1)*39+15,4)&"","") | S38: =IFERROR(INDEX($D$49:$J$513,($O$7-1)*39+15,5)&"","") -> x | T38: =IFERROR(INDEX($D$49:$J$513,($O$7-1)*39+15,6)&"","") | U38: =IFERROR(INDEX($D$49:$J$513,($O$7-1)*39+15,7)&"","") -> x
N39: NOSRUN - 77W | O39: =IFERROR(INDEX($D$49:$J$513,($O$7-1)*39+16,1)&"","") | P39: =IFERROR(INDEX($D$49:$J$513,($O$7-1)*39+16,2)&"","") | Q39: =IFERROR(INDEX($D$49:$J$513,($O$7-1)*39+16,3)&"","") | R39: =IFERROR(INDEX($D$49:$J$513,($O$7-1)*39+16,4)&"","") | S39: =IFERROR(INDEX($D$49:$J$513,($O$7-1)*39+16,5)&"","") | T39: =IFERROR(INDEX($D$49:$J$513,($O$7-1)*39+16,6)&"","") | U39: =IFERROR(INDEX($D$49:$J$513,($O$7-1)*39+16,7)&"","")
N40: NOSRUN - 778 | O40: =IFERROR(INDEX($D$49:$J$513,($O$7-1)*39+17,1)&"","") | P40: =IFERROR(INDEX($D$49:$J$513,($O$7-1)*39+17,2)&"","") | Q40: =IFERROR(INDEX($D$49:$J$513,($O$7-1)*39+17,3)&"","") | R40: =IFERROR(INDEX($D$49:$J$513,($O$7-1)*39+17,4)&"","") | S40: =IFERROR(INDEX($D$49:$J$513,($O$7-1)*39+17,5)&"","") | T40: =IFERROR(INDEX($D$49:$J$513,($O$7-1)*39+17,6)&"","") | U40: =IFERROR(INDEX($D$49:$J$513,($O$7-1)*39+17,7)&"","")
B41: 1) SAISIE DU PROGRAMME : 12 TABLEAUX, UN PAR MOIS - COCHER LES JOURS D'OPERATION | N41: NOSRUN - A320 | O41: =IFERROR(INDEX($D$49:$J$513,($O$7-1)*39+18,1)&"","") -> x | P41: =IFERROR(INDEX($D$49:$J$513,($O$7-1)*39+18,2)&"","") | Q41: =IFERROR(INDEX($D$49:$J$513,($O$7-1)*39+18,3)&"","") | R41: =IFERROR(INDEX($D$49:$J$513,($O$7-1)*39+18,4)&"","") -> x | S41: =IFERROR(INDEX($D$49:$J$513,($O$7-1)*39+18,5)&"","") | T41: =IFERROR(INDEX($D$49:$J$513,($O$7-1)*39+18,6)&"","") -> x | U41: =IFERROR(INDEX($D$49:$J$513,($O$7-1)*39+18,7)&"","")
B42: COCHER UNE CASE : taper x dans la case du jour (elle devient une case verte cochee X). DECOCHER : touche Suppr. Pour cocher plusieurs cases d'un coup : selectionner la plage, taper x puis Ctrl+Entree. Chaque route occupe 3 lignes = les 3 types avion (77W / 778 / A320) : cocher la ligne du type qui opere. Cocher deux ou trois lignes le meme jour = 2 ou 3 rotations ce jour-la avec des types differents (une case cochee = 1 rotation ; pour 2 rotations du meme type le meme jour, utiliser la table des vols additionnels). Les 12 tableaux sont independants : la frequence peut donc etre differente chaque mois. Le tableau du mois filtre est signale en vert. Pour reprendre un mois sur un autre : copier la zone des 7 jours (36 lignes) et la coller dans le tableau cible. Valeurs livrees = exemples a ajuster. | N42: RUNTNR - 77W | O42: =IFERROR(INDEX($D$49:$J$513,($O$7-1)*39+19,1)&"","") | P42: =IFERROR(INDEX($D$49:$J$513,($O$7-1)*39+19,2)&"","") | Q42: =IFERROR(INDEX($D$49:$J$513,($O$7-1)*39+19,3)&"","") | R42: =IFERROR(INDEX($D$49:$J$513,($O$7-1)*39+19,4)&"","") | S42: =IFERROR(INDEX($D$49:$J$513,($O$7-1)*39+19,5)&"","") | T42: =IFERROR(INDEX($D$49:$J$513,($O$7-1)*39+19,6)&"","") | U42: =IFERROR(INDEX($D$49:$J$513,($O$7-1)*39+19,7)&"","")
N43: RUNTNR - 778 | O43: =IFERROR(INDEX($D$49:$J$513,($O$7-1)*39+20,1)&"","") | P43: =IFERROR(INDEX($D$49:$J$513,($O$7-1)*39+20,2)&"","") | Q43: =IFERROR(INDEX($D$49:$J$513,($O$7-1)*39+20,3)&"","") | R43: =IFERROR(INDEX($D$49:$J$513,($O$7-1)*39+20,4)&"","") | S43: =IFERROR(INDEX($D$49:$J$513,($O$7-1)*39+20,5)&"","") | T43: =IFERROR(INDEX($D$49:$J$513,($O$7-1)*39+20,6)&"","") | U43: =IFERROR(INDEX($D$49:$J$513,($O$7-1)*39+20,7)&"","")
B44: Aller au mois : | C44: avril 2027 | D44: mai 2027 | E44: juin 2027 | F44: juillet 2027 | G44: aout 2027 | H44: septembre 2027 | N44: RUNTNR - A320 | O44: =IFERROR(INDEX($D$49:$J$513,($O$7-1)*39+21,1)&"","") | P44: =IFERROR(INDEX($D$49:$J$513,($O$7-1)*39+21,2)&"","") -> x | Q44: =IFERROR(INDEX($D$49:$J$513,($O$7-1)*39+21,3)&"","") | R44: =IFERROR(INDEX($D$49:$J$513,($O$7-1)*39+21,4)&"","") -> x | S44: =IFERROR(INDEX($D$49:$J$513,($O$7-1)*39+21,5)&"","") | T44: =IFERROR(INDEX($D$49:$J$513,($O$7-1)*39+21,6)&"","") -> x | U44: =IFERROR(INDEX($D$49:$J$513,($O$7-1)*39+21,7)&"","")
B45: (clic sur un mois) | C45: octobre 2027 | D45: novembre 2027 | E45: decembre 2027 | F45: janvier 2028 | G45: fevrier 2028 | H45: mars 2028 | N45: JNBRUN - 77W | O45: =IFERROR(INDEX($D$49:$J$513,($O$7-1)*39+22,1)&"","") | P45: =IFERROR(INDEX($D$49:$J$513,($O$7-1)*39+22,2)&"","") | Q45: =IFERROR(INDEX($D$49:$J$513,($O$7-1)*39+22,3)&"","") | R45: =IFERROR(INDEX($D$49:$J$513,($O$7-1)*39+22,4)&"","") | S45: =IFERROR(INDEX($D$49:$J$513,($O$7-1)*39+22,5)&"","") | T45: =IFERROR(INDEX($D$49:$J$513,($O$7-1)*39+22,6)&"","") | U45: =IFERROR(INDEX($D$49:$J$513,($O$7-1)*39+22,7)&"","")
N46: JNBRUN - 778 | O46: =IFERROR(INDEX($D$49:$J$513,($O$7-1)*39+23,1)&"","") -> x | P46: =IFERROR(INDEX($D$49:$J$513,($O$7-1)*39+23,2)&"","") | Q46: =IFERROR(INDEX($D$49:$J$513,($O$7-1)*39+23,3)&"","") | R46: =IFERROR(INDEX($D$49:$J$513,($O$7-1)*39+23,4)&"","") | S46: =IFERROR(INDEX($D$49:$J$513,($O$7-1)*39+23,5)&"","") -> x | T46: =IFERROR(INDEX($D$49:$J$513,($O$7-1)*39+23,6)&"","") | U46: =IFERROR(INDEX($D$49:$J$513,($O$7-1)*39+23,7)&"","")
B47: ="TABLEAU 1/12 - PROGRAMME DE AVRIL 2027"&IF($C$4="avril 2027"," <<< MOIS ACTUELLEMENT FILTRE","") -> TABLEAU 1/12 - PROGRAMME DE AVRIL 2027 <<< MOIS ACTUELLEMENT FILTRE | K47: ^ Retour en haut | N47: JNBRUN - A320 | O47: =IFERROR(INDEX($D$49:$J$513,($O$7-1)*39+24,1)&"","") | P47: =IFERROR(INDEX($D$49:$J$513,($O$7-1)*39+24,2)&"","") | Q47: =IFERROR(INDEX($D$49:$J$513,($O$7-1)*39+24,3)&"","") | R47: =IFERROR(INDEX($D$49:$J$513,($O$7-1)*39+24,4)&"","") | S47: =IFERROR(INDEX($D$49:$J$513,($O$7-1)*39+24,5)&"","") | T47: =IFERROR(INDEX($D$49:$J$513,($O$7-1)*39+24,6)&"","") | U47: =IFERROR(INDEX($D$49:$J$513,($O$7-1)*39+24,7)&"","")
B48: Route | C48: Type avion | D48: J1 - Lundi | E48: J2 - Mardi | F48: J3 - Mercredi | G48: J4 - Jeudi | H48: J5 - Vendredi | I48: J6 - Samedi | J48: J7 - Dimanche | K48: Rot./sem. par type | L48: Rot./sem. route | N48: CPTRUN - 77W | O48: =IFERROR(INDEX($D$49:$J$513,($O$7-1)*39+25,1)&"","") | P48: =IFERROR(INDEX($D$49:$J$513,($O$7-1)*39+25,2)&"","") | Q48: =IFERROR(INDEX($D$49:$J$513,($O$7-1)*39+25,3)&"","") | R48: =IFERROR(INDEX($D$49:$J$513,($O$7-1)*39+25,4)&"","") | S48: =IFERROR(INDEX($D$49:$J$513,($O$7-1)*39+25,5)&"","") | T48: =IFERROR(INDEX($D$49:$J$513,($O$7-1)*39+25,6)&"","") | U48: =IFERROR(INDEX($D$49:$J$513,($O$7-1)*39+25,7)&"","")
B49: CDGRUN | C49: 77W | D49: x | E49: x | F49: x | G49: x | H49: x | I49: x | J49: x | K49: =COUNTA(D49:J49) -> 7 | L49: =SUM(K49:K51) -> 10 | N49: CPTRUN - 778 | O49: =IFERROR(INDEX($D$49:$J$513,($O$7-1)*39+26,1)&"","") | P49: =IFERROR(INDEX($D$49:$J$513,($O$7-1)*39+26,2)&"","") | Q49: =IFERROR(INDEX($D$49:$J$513,($O$7-1)*39+26,3)&"","") | R49: =IFERROR(INDEX($D$49:$J$513,($O$7-1)*39+26,4)&"","") -> x | S49: =IFERROR(INDEX($D$49:$J$513,($O$7-1)*39+26,5)&"","") | T49: =IFERROR(INDEX($D$49:$J$513,($O$7-1)*39+26,6)&"","") | U49: =IFERROR(INDEX($D$49:$J$513,($O$7-1)*39+26,7)&"","")
C50: 778 | D50: x | H50: x | K50: =COUNTA(D50:J50) -> 2 | N50: CPTRUN - A320 | O50: =IFERROR(INDEX($D$49:$J$513,($O$7-1)*39+27,1)&"","") | P50: =IFERROR(INDEX($D$49:$J$513,($O$7-1)*39+27,2)&"","") | Q50: =IFERROR(INDEX($D$49:$J$513,($O$7-1)*39+27,3)&"","") | R50: =IFERROR(INDEX($D$49:$J$513,($O$7-1)*39+27,4)&"","") | S50: =IFERROR(INDEX($D$49:$J$513,($O$7-1)*39+27,5)&"","") | T50: =IFERROR(INDEX($D$49:$J$513,($O$7-1)*39+27,6)&"","") | U50: =IFERROR(INDEX($D$49:$J$513,($O$7-1)*39+27,7)&"","")
C51: A320 | D51: x | K51: =COUNTA(D51:J51) -> 1 | N51: DIERUN - 77W | O51: =IFERROR(INDEX($D$49:$J$513,($O$7-1)*39+28,1)&"","") | P51: =IFERROR(INDEX($D$49:$J$513,($O$7-1)*39+28,2)&"","") | Q51: =IFERROR(INDEX($D$49:$J$513,($O$7-1)*39+28,3)&"","") | R51: =IFERROR(INDEX($D$49:$J$513,($O$7-1)*39+28,4)&"","") | S51: =IFERROR(INDEX($D$49:$J$513,($O$7-1)*39+28,5)&"","") | T51: =IFERROR(INDEX($D$49:$J$513,($O$7-1)*39+28,6)&"","") | U51: =IFERROR(INDEX($D$49:$J$513,($O$7-1)*39+28,7)&"","")
B52: CDGDZA | C52: 77W | J52: x | K52: =COUNTA(D52:J52) -> 1 | L52: =SUM(K52:K54) -> 3 | N52: DIERUN - 778 | O52: =IFERROR(INDEX($D$49:$J$513,($O$7-1)*39+29,1)&"","") | P52: =IFERROR(INDEX($D$49:$J$513,($O$7-1)*39+29,2)&"","") | Q52: =IFERROR(INDEX($D$49:$J$513,($O$7-1)*39+29,3)&"","") | R52: =IFERROR(INDEX($D$49:$J$513,($O$7-1)*39+29,4)&"","") | S52: =IFERROR(INDEX($D$49:$J$513,($O$7-1)*39+29,5)&"","") | T52: =IFERROR(INDEX($D$49:$J$513,($O$7-1)*39+29,6)&"","") | U52: =IFERROR(INDEX($D$49:$J$513,($O$7-1)*39+29,7)&"","")
C53: 778 | E53: x | H53: x | K53: =COUNTA(D53:J53) -> 2 | N53: DIERUN - A320 | O53: =IFERROR(INDEX($D$49:$J$513,($O$7-1)*39+30,1)&"","") | P53: =IFERROR(INDEX($D$49:$J$513,($O$7-1)*39+30,2)&"","") -> x | Q53: =IFERROR(INDEX($D$49:$J$513,($O$7-1)*39+30,3)&"","") | R53: =IFERROR(INDEX($D$49:$J$513,($O$7-1)*39+30,4)&"","") | S53: =IFERROR(INDEX($D$49:$J$513,($O$7-1)*39+30,5)&"","") | T53: =IFERROR(INDEX($D$49:$J$513,($O$7-1)*39+30,6)&"","") -> x | U53: =IFERROR(INDEX($D$49:$J$513,($O$7-1)*39+30,7)&"","")
C54: A320 | K54: =COUNTA(D54:J54) -> 0 | N54: RRGRUN - 77W | O54: =IFERROR(INDEX($D$49:$J$513,($O$7-1)*39+31,1)&"","") | P54: =IFERROR(INDEX($D$49:$J$513,($O$7-1)*39+31,2)&"","") | Q54: =IFERROR(INDEX($D$49:$J$513,($O$7-1)*39+31,3)&"","") | R54: =IFERROR(INDEX($D$49:$J$513,($O$7-1)*39+31,4)&"","") | S54: =IFERROR(INDEX($D$49:$J$513,($O$7-1)*39+31,5)&"","") | T54: =IFERROR(INDEX($D$49:$J$513,($O$7-1)*39+31,6)&"","") | U54: =IFERROR(INDEX($D$49:$J$513,($O$7-1)*39+31,7)&"","")
B55: BKKRUN | C55: 77W | K55: =COUNTA(D55:J55) -> 0 | L55: =SUM(K55:K57) -> 2 | N55: RRGRUN - 778 | O55: =IFERROR(INDEX($D$49:$J$513,($O$7-1)*39+32,1)&"","") | P55: =IFERROR(INDEX($D$49:$J$513,($O$7-1)*39+32,2)&"","") | Q55: =IFERROR(INDEX($D$49:$J$513,($O$7-1)*39+32,3)&"","") | R55: =IFERROR(INDEX($D$49:$J$513,($O$7-1)*39+32,4)&"","") | S55: =IFERROR(INDEX($D$49:$J$513,($O$7-1)*39+32,5)&"","") | T55: =IFERROR(INDEX($D$49:$J$513,($O$7-1)*39+32,6)&"","") | U55: =IFERROR(INDEX($D$49:$J$513,($O$7-1)*39+32,7)&"","")
C56: 778 | F56: x | I56: x | K56: =COUNTA(D56:J56) -> 2 | N56: RRGRUN - A320 | O56: =IFERROR(INDEX($D$49:$J$513,($O$7-1)*39+33,1)&"","") -> x | P56: =IFERROR(INDEX($D$49:$J$513,($O$7-1)*39+33,2)&"","") -> x | Q56: =IFERROR(INDEX($D$49:$J$513,($O$7-1)*39+33,3)&"","") -> x | R56: =IFERROR(INDEX($D$49:$J$513,($O$7-1)*39+33,4)&"","") -> x | S56: =IFERROR(INDEX($D$49:$J$513,($O$7-1)*39+33,5)&"","") -> x | T56: =IFERROR(INDEX($D$49:$J$513,($O$7-1)*39+33,6)&"","") -> x | U56: =IFERROR(INDEX($D$49:$J$513,($O$7-1)*39+33,7)&"","")
C57: A320 | K57: =COUNTA(D57:J57) -> 0 | N57: TMMRUN - 77W | O57: =IFERROR(INDEX($D$49:$J$513,($O$7-1)*39+34,1)&"","") | P57: =IFERROR(INDEX($D$49:$J$513,($O$7-1)*39+34,2)&"","") | Q57: =IFERROR(INDEX($D$49:$J$513,($O$7-1)*39+34,3)&"","") | R57: =IFERROR(INDEX($D$49:$J$513,($O$7-1)*39+34,4)&"","") | S57: =IFERROR(INDEX($D$49:$J$513,($O$7-1)*39+34,5)&"","") | T57: =IFERROR(INDEX($D$49:$J$513,($O$7-1)*39+34,6)&"","") | U57: =IFERROR(INDEX($D$49:$J$513,($O$7-1)*39+34,7)&"","")
B58: DZARUN | C58: 77W | K58: =COUNTA(D58:J58) -> 0 | L58: =SUM(K58:K60) -> 6 | N58: TMMRUN - 778 | O58: =IFERROR(INDEX($D$49:$J$513,($O$7-1)*39+35,1)&"","") | P58: =IFERROR(INDEX($D$49:$J$513,($O$7-1)*39+35,2)&"","") | Q58: =IFERROR(INDEX($D$49:$J$513,($O$7-1)*39+35,3)&"","") | R58: =IFERROR(INDEX($D$49:$J$513,($O$7-1)*39+35,4)&"","") | S58: =IFERROR(INDEX($D$49:$J$513,($O$7-1)*39+35,5)&"","") | T58: =IFERROR(INDEX($D$49:$J$513,($O$7-1)*39+35,6)&"","") | U58: =IFERROR(INDEX($D$49:$J$513,($O$7-1)*39+35,7)&"","")
C59: 778 | F59: x | K59: =COUNTA(D59:J59) -> 1 | N59: TMMRUN - A320 | O59: =IFERROR(INDEX($D$49:$J$513,($O$7-1)*39+36,1)&"","") | P59: =IFERROR(INDEX($D$49:$J$513,($O$7-1)*39+36,2)&"","") | Q59: =IFERROR(INDEX($D$49:$J$513,($O$7-1)*39+36,3)&"","") -> x | R59: =IFERROR(INDEX($D$49:$J$513,($O$7-1)*39+36,4)&"","") | S59: =IFERROR(INDEX($D$49:$J$513,($O$7-1)*39+36,5)&"","") | T59: =IFERROR(INDEX($D$49:$J$513,($O$7-1)*39+36,6)&"","") | U59: =IFERROR(INDEX($D$49:$J$513,($O$7-1)*39+36,7)&"","") -> x
C60: A320 | D60: x | E60: x | F60: x | G60: x | H60: x | K60: =COUNTA(D60:J60) -> 5
B61: MRURUN | C61: 77W | K61: =COUNTA(D61:J61) -> 0 | L61: =SUM(K61:K63) -> 4
C62: 778 | K62: =COUNTA(D62:J62) -> 0
C63: A320 | D63: x | F63: x | H63: x | J63: x | K63: =COUNTA(D63:J63) -> 4
B64: NOSRUN | C64: 77W | K64: =COUNTA(D64:J64) -> 0 | L64: =SUM(K64:K66) -> 3
C65: 778 | K65: =COUNTA(D65:J65) -> 0
C66: A320 | D66: x | G66: x | I66: x | K66: =COUNTA(D66:J66) -> 3
B67: RUNTNR | C67: 77W | K67: =COUNTA(D67:J67) -> 0 | L67: =SUM(K67:K69) -> 3
C68: 778 | K68: =COUNTA(D68:J68) -> 0
C69: A320 | E69: x | G69: x | I69: x | K69: =COUNTA(D69:J69) -> 3
B70: JNBRUN | C70: 77W | K70: =COUNTA(D70:J70) -> 0 | L70: =SUM(K70:K72) -> 2
C71: 778 | D71: x | H71: x | K71: =COUNTA(D71:J71) -> 2
C72: A320 | K72: =COUNTA(D72:J72) -> 0
B73: CPTRUN | C73: 77W | K73: =COUNTA(D73:J73) -> 0 | L73: =SUM(K73:K75) -> 1
C74: 778 | G74: x | K74: =COUNTA(D74:J74) -> 1
C75: A320 | K75: =COUNTA(D75:J75) -> 0
B76: DIERUN | C76: 77W | K76: =COUNTA(D76:J76) -> 0 | L76: =SUM(K76:K78) -> 2
C77: 778 | K77: =COUNTA(D77:J77) -> 0
C78: A320 | E78: x | I78: x | K78: =COUNTA(D78:J78) -> 2
B79: RRGRUN | C79: 77W | K79: =COUNTA(D79:J79) -> 0 | L79: =SUM(K79:K81) -> 6
C80: 778 | K80: =COUNTA(D80:J80) -> 0
C81: A320 | D81: x | E81: x | F81: x | G81: x | H81: x | I81: x | K81: =COUNTA(D81:J81) -> 6
B82: TMMRUN | C82: 77W | K82: =COUNTA(D82:J82) -> 0 | L82: =SUM(K82:K84) -> 2
C83: 778 | K83: =COUNTA(D83:J83) -> 0
C84: A320 | F84: x | J84: x | K84: =COUNTA(D84:J84) -> 2
B86: ="TABLEAU 2/12 - PROGRAMME DE MAI 2027"&IF($C$4="mai 2027"," <<< MOIS ACTUELLEMENT FILTRE","") -> TABLEAU 2/12 - PROGRAMME DE MAI 2027 | K86: ^ Retour en haut
B87: Route | C87: Type avion | D87: J1 - Lundi | E87: J2 - Mardi | F87: J3 - Mercredi | G87: J4 - Jeudi | H87: J5 - Vendredi | I87: J6 - Samedi | J87: J7 - Dimanche | K87: Rot./sem. par type | L87: Rot./sem. route
B88: CDGRUN | C88: 77W | D88: x | E88: x | F88: x | G88: x | H88: x | I88: x | J88: x | K88: =COUNTA(D88:J88) -> 7 | L88: =SUM(K88:K90) -> 10
C89: 778 | D89: x | H89: x | K89: =COUNTA(D89:J89) -> 2
C90: A320 | D90: x | K90: =COUNTA(D90:J90) -> 1
B91: CDGDZA | C91: 77W | J91: x | K91: =COUNTA(D91:J91) -> 1 | L91: =SUM(K91:K93) -> 3
C92: 778 | E92: x | H92: x | K92: =COUNTA(D92:J92) -> 2
C93: A320 | K93: =COUNTA(D93:J93) -> 0
B94: BKKRUN | C94: 77W | K94: =COUNTA(D94:J94) -> 0 | L94: =SUM(K94:K96) -> 2
C95: 778 | F95: x | I95: x | K95: =COUNTA(D95:J95) -> 2
C96: A320 | K96: =COUNTA(D96:J96) -> 0
B97: DZARUN | C97: 77W | K97: =COUNTA(D97:J97) -> 0 | L97: =SUM(K97:K99) -> 6
C98: 778 | F98: x | K98: =COUNTA(D98:J98) -> 1
C99: A320 | D99: x | E99: x | F99: x | G99: x | H99: x | K99: =COUNTA(D99:J99) -> 5
B100: MRURUN | C100: 77W | K100: =COUNTA(D100:J100) -> 0 | L100: =SUM(K100:K102) -> 4
C101: 778 | K101: =COUNTA(D101:J101) -> 0
...

Sheet Analyse capacite
B1: ANALYSE DE CAPACITE - SIEGES OFFERTS (avril 2027 / mars 2028)
B2: Cette feuille interprete automatiquement la feuille "Programme de vols" (les 12 tableaux mensuels et les vols additionnels) en la croisant avec les capacites ci-dessous. Aucune saisie ici, hormis les sieges par type avion. Toute modification du programme met a jour cette feuille.
B4: HYPOTHESES DE CAPACITE (sieges par rotation)
B5: Type avion | C5: Sieges par rotation | D5: Remarque
B6: 77W | C6: 438 | D6: Valeur fournie (77W = 777-300ER).
B7: 778 | C7: 262 | D7: Valeur fournie pour le 787 (Dreamliner) ; code type 778 de la feuille 1.
B8: A320 | C8: 174 | D8: Valeur fournie (A320).
B11: SYNTHESE ANNUELLE PAR ROUTE
B12: Route | C12: Rotations sur l'annee | D12: Sieges offerts sur l'annee | E12: Sieges / rotation | F12: Part du reseau (sieges)
B13: CDGRUN | C13: =SUM(C$46:C$57) -> 542 | D13: =SUM(C$29:C$40) -> 202284 | E13: =IFERROR(D13/C13,"-") -> 373.21771 | F13: =IFERROR(D13/$D$25,0) -> 0.35822006
B14: CDGDZA | C14: =SUM(D$46:D$57) -> 157 | D14: =SUM(D$29:D$40) -> 50286 | E14: =IFERROR(D14/C14,"-") -> 320.29299 | F14: =IFERROR(D14/$D$25,0) -> 0.089050314
B15: BKKRUN | C15: =SUM(E$46:E$57) -> 104 | D15: =SUM(E$29:E$40) -> 27248 | E15: =IFERROR(D15/C15,"-") -> 262 | F15: =IFERROR(D15/$D$25,0) -> 0.048252853
B16: DZARUN | C16: =SUM(F$46:F$57) -> 314 | D16: =SUM(F$29:F$40) -> 59212 | E16: =IFERROR(D16/C16,"-") -> 188.57325 | F16: =IFERROR(D16/$D$25,0) -> 0.10485716
B17: MRURUN | C17: =SUM(G$46:G$57) -> 209 | D17: =SUM(G$29:G$40) -> 36366 | E17: =IFERROR(D17/C17,"-") -> 174 | F17: =IFERROR(D17/$D$25,0) -> 0.064399708
B18: NOSRUN | C18: =SUM(H$46:H$57) -> 171 | D18: =SUM(H$29:H$40) -> 29754 | E18: =IFERROR(D18/C18,"-") -> 174 | F18: =IFERROR(D18/$D$25,0) -> 0.05269067
B19: RUNTNR | C19: =SUM(I$46:I$57) -> 157 | D19: =SUM(I$29:I$40) -> 27318 | E19: =IFERROR(D19/C19,"-") -> 174 | F19: =IFERROR(D19/$D$25,0) -> 0.048376814
B20: JNBRUN | C20: =SUM(J$46:J$57) -> 105 | D20: =SUM(J$29:J$40) -> 27510 | E20: =IFERROR(D20/C20,"-") -> 262 | F20: =IFERROR(D20/$D$25,0) -> 0.048716823
B21: CPTRUN | C21: =SUM(K$46:K$57) -> 53 | D21: =SUM(K$29:K$40) -> 13886 | E21: =IFERROR(D21/C21,"-") -> 262 | F21: =IFERROR(D21/$D$25,0) -> 0.024590396
B22: DIERUN | C22: =SUM(L$46:L$57) -> 104 | D22: =SUM(L$29:L$40) -> 18096 | E22: =IFERROR(D22/C22,"-") -> 174 | F22: =IFERROR(D22/$D$25,0) -> 0.032045788
B23: RRGRUN | C23: =SUM(M$46:M$57) -> 314 | D23: =SUM(M$29:M$40) -> 54636 | E23: =IFERROR(D23/C23,"-") -> 174 | F23: =IFERROR(D23/$D$25,0) -> 0.096753629
B24: TMMRUN | C24: =SUM(N$46:N$57) -> 104 | D24: =SUM(N$29:N$40) -> 18096 | E24: =IFERROR(D24/C24,"-") -> 174 | F24: =IFERROR(D24/$D$25,0) -> 0.032045788
B25: TOTAL RESEAU | C25: =SUM(C13:C24) -> 2334 | D25: =SUM(D13:D24) -> 564692 | E25: =IFERROR(D25/C25,"-") -> 241.94173 | F25: =IFERROR(D25/$D$25,0) -> 1
B27: SIEGES OFFERTS PAR MOIS ET PAR ROUTE
B28: Mois | C28: CDGRUN | D28: CDGDZA | E28: BKKRUN | F28: DZARUN | G28: MRURUN | H28: NOSRUN | I28: RUNTNR | J28: JNBRUN | K28: CPTRUN | L28: DIERUN | M28: RRGRUN | N28: TMMRUN | O28: TOTAL
B29: ='Programme de vols'!$W$4 -> avril 2027 | C29: =$C$6*C94+$C$7*C95+$C$8*C96 -> 16718 | D29: =$C$6*C97+$C$7*C98+$C$8*C99 -> 4110 | E29: =$C$6*C100+$C$7*C101+$C$8*C102 -> 2096 | F29: =$C$6*C103+$C$7*C104+$C$8*C105 -> 4876 | G29: =$C$6*C106+$C$7*C107+$C$8*C108 -> 2958 | H29: =$C$6*C109+$C$7*C110+$C$8*C111 -> 2610 | I29: =$C$6*C112+$C$7*C113+$C$8*C114 -> 2262 | J29: =$C$6*C115+$C$7*C116+$C$8*C117 -> 2358 | K29: =$C$6*C118+$C$7*C119+$C$8*C120 -> 1310 | L29: =$C$6*C121+$C$7*C122+$C$8*C123 -> 1392 | M29: =$C$6*C124+$C$7*C125+$C$8*C126 -> 4524 | N29: =$C$6*C127+$C$7*C128+$C$8*C129 -> 1392 | O29: =SUM(C29:N29) -> 46606
B30: ='Programme de vols'!$W$5 -> mai 2027 | C30: =$C$6*D94+$C$7*D95+$C$8*D96 -> 16806 | D30: =$C$6*D97+$C$7*D98+$C$8*D99 -> 4286 | E30: =$C$6*D100+$C$7*D101+$C$8*D102 -> 2358 | F30: =$C$6*D103+$C$7*D104+$C$8*D105 -> 4702 | G30: =$C$6*D106+$C$7*D107+$C$8*D108 -> 3132 | H30: =$C$6*D109+$C$7*D110+$C$8*D111 -> 2436 | I30: =$C$6*D112+$C$7*D113+$C$8*D114 -> 2262 | J30: =$C$6*D115+$C$7*D116+$C$8*D117 -> 2358 | K30: =$C$6*D118+$C$7*D119+$C$8*D120 -> 1048 | L30: =$C$6*D121+$C$7*D122+$C$8*D123 -> 1566 | M30: =$C$6*D124+$C$7*D125+$C$8*D126 -> 4524 | N30: =$C$6*D127+$C$7*D128+$C$8*D129 -> 1566 | O30: =SUM(C30:N30) -> 47044
B31: ='Programme de vols'!$W$6 -> juin 2027 | C31: =$C$6*E94+$C$7*E95+$C$8*E96 -> 15932 | D31: =$C$6*E97+$C$7*E98+$C$8*E99 -> 4110 | E31: =$C$6*E100+$C$7*E101+$C$8*E102 -> 2358 | F31: =$C$6*E103+$C$7*E104+$C$8*E105 -> 5138 | G31: =$C$6*E106+$C$7*E107+$C$8*E108 -> 2958 | H31: =$C$6*E109+$C$7*E110+$C$8*E111 -> 2088 | I31: =$C$6*E112+$C$7*E113+$C$8*E114 -> 2262 | J31: =$C$6*E115+$C$7*E116+$C$8*E117 -> 2096 | K31: =$C$6*E118+$C$7*E119+$C$8*E120 -> 1048 | L31: =$C$6*E121+$C$7*E122+$C$8*E123 -> 1566 | M31: =$C$6*E124+$C$7*E125+$C$8*E126 -> 4524 | N31: =$C$6*E127+$C$7*E128+$C$8*E129 -> 1566 | O31: =SUM(C31:N31) -> 45646
B32: ='Programme de vols'!$W$7 -> juillet 2027 | C32: =$C$6*F94+$C$7*F95+$C$8*F96 -> 16632 | D32: =$C$6*F97+$C$7*F98+$C$8*F99 -> 4110 | E32: =$C$6*F100+$C$7*F101+$C$8*F102 -> 2358 | F32: =$C$6*F103+$C$7*F104+$C$8*F105 -> 4876 | G32: =$C$6*F106+$C$7*F107+$C$8*F108 -> 2958 | H32: =$C$6*F109+$C$7*F110+$C$8*F111 -> 3132 | I32: =$C$6*F112+$C$7*F113+$C$8*F114 -> 2436 | J32: =$C$6*F115+$C$7*F116+$C$8*F117 -> 2358 | K32: =$C$6*F118+$C$7*F119+$C$8*F120 -> 1310 | L32: =$C$6*F121+$C$7*F122+$C$8*F123 -> 1566 | M32: =$C$6*F124+$C$7*F125+$C$8*F126 -> 4698 | N32: =$C$6*F127+$C$7*F128+$C$8*F129 -> 1392 | O32: =SUM(C32:N32) -> 47826
B33: ='Programme de vols'!$W$8 -> aout 2027 | C33: =$C$6*G94+$C$7*G95+$C$8*G96 -> 21700 | D33: =$C$6*G97+$C$7*G98+$C$8*G99 -> 4548 | E33: =$C$6*G100+$C$7*G101+$C$8*G102 -> 2096 | F33: =$C$6*G103+$C$7*G104+$C$8*G105 -> 4876 | G33: =$C$6*G106+$C$7*G107+$C$8*G108 -> 3132 | H33: =$C$6*G109+$C$7*G110+$C$8*G111 -> 2262 | I33: =$C$6*G112+$C$7*G113+$C$8*G114 -> 2262 | J33: =$C$6*G115+$C$7*G116+$C$8*G117 -> 2358 | K33: =$C$6*G118+$C$7*G119+$C$8*G120 -> 1048 | L33: =$C$6*G121+$C$7*G122+$C$8*G123 -> 1566 | M33: =$C$6*G124+$C$7*G125+$C$8*G126 -> 4524 | N33: =$C$6*G127+$C$7*G128+$C$8*G129 -> 1566 | O33: =SUM(C33:N33) -> 51938
B34: ='Programme de vols'!$W$9 -> septembre 2027 | C34: =$C$6*H94+$C$7*H95+$C$8*H96 -> 15932 | D34: =$C$6*H97+$C$7*H98+$C$8*H99 -> 3848 | E34: =$C$6*H100+$C$7*H101+$C$8*H102 -> 2358 | F34: =$C$6*H103+$C$7*H104+$C$8*H105 -> 5138 | G34: =$C$6*H106+$C$7*H107+$C$8*H108 -> 2958 | H34: =$C$6*H109+$C$7*H110+$C$8*H111 -> 2262 | I34: =$C$6*H112+$C$7*H113+$C$8*H114 -> 2262 | J34: =$C$6*H115+$C$7*H116+$C$8*H117 -> 2096 | K34: =$C$6*H118+$C$7*H119+$C$8*H120 -> 1310 | L34: =$C$6*H121+$C$7*H122+$C$8*H123 -> 1392 | M34: =$C$6*H124+$C$7*H125+$C$8*H126 -> 4524 | N34: =$C$6*H127+$C$7*H128+$C$8*H129 -> 1566 | O34: =SUM(C34:N34) -> 45646
B35: ='Programme de vols'!$W$10 -> octobre 2027 | C35: =$C$6*I94+$C$7*I95+$C$8*I96 -> 16632 | D35: =$C$6*I97+$C$7*I98+$C$8*I99 -> 4548 | E35: =$C$6*I100+$C$7*I101+$C$8*I102 -> 2358 | F35: =$C$6*I103+$C$7*I104+$C$8*I105 -> 4702 | G35: =$C$6*I106+$C$7*I107+$C$8*I108 -> 3132 | H35: =$C$6*I109+$C$7*I110+$C$8*I111 -> 2262 | I35: =$C$6*I112+$C$7*I113+$C$8*I114 -> 2262 | J35: =$C$6*I115+$C$7*I116+$C$8*I117 -> 2358 | K35: =$C$6*I118+$C$7*I119+$C$8*I120 -> 1048 | L35: =$C$6*I121+$C$7*I122+$C$8*I123 -> 1566 | M35: =$C$6*I124+$C$7*I125+$C$8*I126 -> 4524 | N35: =$C$6*I127+$C$7*I128+$C$8*I129 -> 1566 | O35: =SUM(C35:N35) -> 46958
B36: ='Programme de vols'!$W$11 -> novembre 2027 | C36: =$C$6*J94+$C$7*J95+$C$8*J96 -> 16368 | D36: =$C$6*J97+$C$7*J98+$C$8*J99 -> 4110 | E36: =$C$6*J100+$C$7*J101+$C$8*J102 -> 2096 | F36: =$C$6*J103+$C$7*J104+$C$8*J105 -> 4876 | G36: =$C$6*J106+$C$7*J107+$C$8*J108 -> 2958 | H36: =$C$6*J109+$C$7*J110+$C$8*J111 -> 2262 | I36: =$C$6*J112+$C$7*J113+$C$8*J114 -> 2262 | J36: =$C$6*J115+$C$7*J116+$C$8*J117 -> 2358 | K36: =$C$6*J118+$C$7*J119+$C$8*J120 -> 1048 | L36: =$C$6*J121+$C$7*J122+$C$8*J123 -> 1566 | M36: =$C$6*J124+$C$7*J125+$C$8*J126 -> 4524 | N36: =$C$6*J127+$C$7*J128+$C$8*J129 -> 1392 | O36: =SUM(C36:N36) -> 45820
B37: ='Programme de vols'!$W$12 -> decembre 2027 | C37: =$C$6*K94+$C$7*K95+$C$8*K96 -> 16632 | D37: =$C$6*K97+$C$7*K98+$C$8*K99 -> 4110 | E37: =$C$6*K100+$C$7*K101+$C$8*K102 -> 2358 | F37: =$C$6*K103+$C$7*K104+$C$8*K105 -> 5312 | G37: =$C$6*K106+$C$7*K107+$C$8*K108 -> 3132 | H37: =$C$6*K109+$C$7*K110+$C$8*K111 -> 3654 | I37: =$C$6*K112+$C$7*K113+$C$8*K114 -> 2262 | J37: =$C$6*K115+$C$7*K116+$C$8*K117 -> 2358 | K37: =$C$6*K118+$C$7*K119+$C$8*K120 -> 1310 | L37: =$C$6*K121+$C$7*K122+$C$8*K123 -> 1392 | M37: =$C$6*K124+$C$7*K125+$C$8*K126 -> 4698 | N37: =$C$6*K127+$C$7*K128+$C$8*K129 -> 1566 | O37: =SUM(C37:N37) -> 48784
B38: ='Programme de vols'!$W$13 -> janvier 2028 | C38: =$C$6*L94+$C$7*L95+$C$8*L96 -> 16806 | D38: =$C$6*L97+$C$7*L98+$C$8*L99 -> 4286 | E38: =$C$6*L100+$C$7*L101+$C$8*L102 -> 2358 | F38: =$C$6*L103+$C$7*L104+$C$8*L105 -> 4702 | G38: =$C$6*L106+$C$7*L107+$C$8*L108 -> 3132 | H38: =$C$6*L109+$C$7*L110+$C$8*L111 -> 2436 | I38: =$C$6*L112+$C$7*L113+$C$8*L114 -> 2262 | J38: =$C$6*L115+$C$7*L116+$C$8*L117 -> 2358 | K38: =$C$6*L118+$C$7*L119+$C$8*L120 -> 1048 | L38: =$C$6*L121+$C$7*L122+$C$8*L123 -> 1566 | M38: =$C$6*L124+$C$7*L125+$C$8*L126 -> 4524 | N38: =$C$6*L127+$C$7*L128+$C$8*L129 -> 1566 | O38: =SUM(C38:N38) -> 47044
B39: ='Programme de vols'!$W$14 -> fevrier 2028 | C39: =$C$6*M94+$C$7*M95+$C$8*M96 -> 15494 | D39: =$C$6*M97+$C$7*M98+$C$8*M99 -> 4110 | E39: =$C$6*M100+$C$7*M101+$C$8*M102 -> 2096 | F39: =$C$6*M103+$C$7*M104+$C$8*M105 -> 4702 | G39: =$C$6*M106+$C$7*M107+$C$8*M108 -> 2784 | H39: =$C$6*M109+$C$7*M110+$C$8*M111 -> 2088 | I39: =$C$6*M112+$C$7*M113+$C$8*M114 -> 2262 | J39: =$C$6*M115+$C$7*M116+$C$8*M117 -> 2096 | K39: =$C$6*M118+$C$7*M119+$C$8*M120 -> 1048 | L39: =$C$6*M121+$C$7*M122+$C$8*M123 -> 1566 | M39: =$C$6*M124+$C$7*M125+$C$8*M126 -> 4350 | N39: =$C$6*M127+$C$7*M128+$C$8*M129 -> 1392 | O39: =SUM(C39:N39) -> 43988
B40: ='Programme de vols'!$W$15 -> mars 2028 | C40: =$C$6*N94+$C$7*N95+$C$8*N96 -> 16632 | D40: =$C$6*N97+$C$7*N98+$C$8*N99 -> 4110 | E40: =$C$6*N100+$C$7*N101+$C$8*N102 -> 2358 | F40: =$C$6*N103+$C$7*N104+$C$8*N105 -> 5312 | G40: =$C$6*N106+$C$7*N107+$C$8*N108 -> 3132 | H40: =$C$6*N109+$C$7*N110+$C$8*N111 -> 2262 | I40: =$C$6*N112+$C$7*N113+$C$8*N114 -> 2262 | J40: =$C$6*N115+$C$7*N116+$C$8*N117 -> 2358 | K40: =$C$6*N118+$C$7*N119+$C$8*N120 -> 1310 | L40: =$C$6*N121+$C$7*N122+$C$8*N123 -> 1392 | M40: =$C$6*N124+$C$7*N125+$C$8*N126 -> 4698 | N40: =$C$6*N127+$C$7*N128+$C$8*N129 -> 1566 | O40: =SUM(C40:N40) -> 47392
B41: TOTAL ANNEE | C41: =SUM(C29:C40) -> 202284 | D41: =SUM(D29:D40) -> 50286 | E41: =SUM(E29:E40) -> 27248 | F41: =SUM(F29:F40) -> 59212 | G41: =SUM(G29:G40) -> 36366 | H41: =SUM(H29:H40) -> 29754 | I41: =SUM(I29:I40) -> 27318 | J41: =SUM(J29:J40) -> 27510 | ... O41: =SUM(O29:O40) -> 564692
B44: ROTATIONS PAR MOIS ET PAR ROUTE
B45: Mois | C45: CDGRUN | D45: CDGDZA | E45: BKKRUN | F45: DZARUN | G45: MRURUN | H45: NOSRUN | I45: RUNTNR | J45: JNBRUN | K45: CPTRUN | L45: DIERUN | M45: RRGRUN | N45: TMMRUN | O45: TOTAL
B46: ='Programme de vols'!$W$4 -> avril 2027 | C46: =SUM(C94:C96) -> 45 | D46: =SUM(C97:C99) -> 13 | E46: =SUM(C100:C102) -> 8 | F46: =SUM(C103:C105) -> 26 | G46: =SUM(C106:C108) -> 17 | H46: =SUM(C109:C111) -> 15 | I46: =SUM(C112:C114) -> 13 | J46: =SUM(C115:C117) -> 9 | K46: =SUM(C118:C120) -> 5 | L46: =SUM(C121:C123) -> 8 | M46: =SUM(C124:C126) -> 26 | N46: =SUM(C127:C129) -> 8 | O46: =SUM(C46:N46) -> 193
B47: ='Programme de vols'!$W$5 -> mai 2027 | C47: =SUM(D94:D96) -> 45 | D47: =SUM(D97:D99) -> 13 | E47: =SUM(D100:D102) -> 9 | F47: =SUM(D103:D105) -> 25 | G47: =SUM(D106:D108) -> 18 | H47: =SUM(D109:D111) -> 14 | I47: =SUM(D112:D114) -> 13 | J47: =SUM(D115:D117) -> 9 | K47: =SUM(D118:D120) -> 4 | L47: =SUM(D121:D123) -> 9 | M47: =SUM(D124:D126) -> 26 | N47: =SUM(D127:D129) -> 9 | O47: =SUM(C47:N47) -> 194
B48: ='Programme de vols'!$W$6 -> juin 2027 | C48: =SUM(E94:E96) -> 42 | D48: =SUM(E97:E99) -> 13 | E48: =SUM(E100:E102) -> 9 | F48: =SUM(E103:E105) -> 27 | G48: =SUM(E106:E108) -> 17 | H48: =SUM(E109:E111) -> 12 | I48: =SUM(E112:E114) -> 13 | J48: =SUM(E115:E117) -> 8 | K48: =SUM(E118:E120) -> 4 | L48: =SUM(E121:E123) -> 9 | M48: =SUM(E124:E126) -> 26 | N48: =SUM(E127:E129) -> 9 | O48: =SUM(C48:N48) -> 189
B49: ='Programme de vols'!$W$7 -> juillet 2027 | C49: =SUM(F94:F96) -> 44 | D49: =SUM(F97:F99) -> 13 | E49: =SUM(F100:F102) -> 9 | F49: =SUM(F103:F105) -> 26 | G49: =SUM(F106:F108) -> 17 | H49: =SUM(F109:F111) -> 18 | I49: =SUM(F112:F114) -> 14 | J49: =SUM(F115:F117) -> 9 | K49: =SUM(F118:F120) -> 5 | L49: =SUM(F121:F123) -> 9 | M49: =SUM(F124:F126) -> 27 | N49: =SUM(F127:F129) -> 8 | O49: =SUM(C49:N49) -> 199
B50: ='Programme de vols'!$W$8 -> aout 2027 | C50: =SUM(G94:G96) -> 62 | D50: =SUM(G97:G99) -> 14 | E50: =SUM(G100:G102) -> 8 | F50: =SUM(G103:G105) -> 26 | G50: =SUM(G106:G108) -> 18 | H50: =SUM(G109:G111) -> 13 | I50: =SUM(G112:G114) -> 13 | J50: =SUM(G115:G117) -> 9 | K50: =SUM(G118:G120) -> 4 | L50: =SUM(G121:G123) -> 9 | M50: =SUM(G124:G126) -> 26 | N50: =SUM(G127:G129) -> 9 | O50: =SUM(C50:N50) -> 211
B51: ='Programme de vols'!$W$9 -> septembre 2027 | C51: =SUM(H94:H96) -> 42 | D51: =SUM(H97:H99) -> 12 | E51: =SUM(H100:H102) -> 9 | F51: =SUM(H103:H105) -> 27 | G51: =SUM(H106:H108) -> 17 | H51: =SUM(H109:H111) -> 13 | I51: =SUM(H112:H114) -> 13 | J51: =SUM(H115:H117) -> 8 | K51: =SUM(H118:H120) -> 5 | L51: =SUM(H121:H123) -> 8 | M51: =SUM(H124:H126) -> 26 | N51: =SUM(H127:H129) -> 9 | O51: =SUM(C51:N51) -> 189
B52: ='Programme de vols'!$W$10 -> octobre 2027 | C52: =SUM(I94:I96) -> 44 | D52: =SUM(I97:I99) -> 14 | E52: =SUM(I100:I102) -> 9 | F52: =SUM(I103:I105) -> 25 | G52: =SUM(I106:I108) -> 18 | H52: =SUM(I109:I111) -> 13 | I52: =SUM(I112:I114) -> 13 | J52: =SUM(I115:I117) -> 9 | K52: =SUM(I118:I120) -> 4 | L52: =SUM(I121:I123) -> 9 | M52: =SUM(I124:I126) -> 26 | N52: =SUM(I127:I129) -> 9 | O52: =SUM(C52:N52) -> 193
B53: ='Programme de vols'!$W$11 -> novembre 2027 | C53: =SUM(J94:J96) -> 44 | D53: =SUM(J97:J99) -> 13 | E53: =SUM(J100:J102) -> 8 | F53: =SUM(J103:J105) -> 26 | G53: =SUM(J106:J108) -> 17 | H53: =SUM(J109:J111) -> 13 | I53: =SUM(J112:J114) -> 13 | J53: =SUM(J115:J117) -> 9 | K53: =SUM(J118:J120) -> 4 | L53: =SUM(J121:J123) -> 9 | M53: =SUM(J124:J126) -> 26 | N53: =SUM(J127:J129) -> 8 | O53: =SUM(C53:N53) -> 190
B54: ='Programme de vols'!$W$12 -> decembre 2027 | C54: =SUM(K94:K96) -> 44 | D54: =SUM(K97:K99) -> 13 | E54: =SUM(K100:K102) -> 9 | F54: =SUM(K103:K105) -> 28 | G54: =SUM(K106:K108) -> 18 | H54: =SUM(K109:K111) -> 21 | I54: =SUM(K112:K114) -> 13 | J54: =SUM(K115:K117) -> 9 | K54: =SUM(K118:K120) -> 5 | L54: =SUM(K121:K123) -> 8 | M54: =SUM(K124:K126) -> 27 | N54: =SUM(K127:K129) -> 9 | O54: =SUM(C54:N54) -> 204
B55: ='Programme de vols'!$W$13 -> janvier 2028 | C55: =SUM(L94:L96) -> 45 | D55: =SUM(L97:L99) -> 13 | E55: =SUM(L100:L102) -> 9 | F55: =SUM(L103:L105) -> 25 | G55: =SUM(L106:L108) -> 18 | H55: =SUM(L109:L111) -> 14 | I55: =SUM(L112:L114) -> 13 | J55: =SUM(L115:L117) -> 9 | K55: =SUM(L118:L120) -> 4 | L55: =SUM(L121:L123) -> 9 | M55: =SUM(L124:L126) -> 26 | N55: =SUM(L127:L129) -> 9 | O55: =SUM(C55:N55) -> 194
B56: ='Programme de vols'!$W$14 -> fevrier 2028 | C56: =SUM(M94:M96) -> 41 | D56: =SUM(M97:M99) -> 13 | E56: =SUM(M100:M102) -> 8 | F56: =SUM(M103:M105) -> 25 | G56: =SUM(M106:M108) -> 16 | H56: =SUM(M109:M111) -> 12 | I56: =SUM(M112:M114) -> 13 | J56: =SUM(M115:M117) -> 8 | K56: =SUM(M118:M120) -> 4 | L56: =SUM(M121:M123) -> 9 | M56: =SUM(M124:M126) -> 25 | N56: =SUM(M127:M129) -> 8 | O56: =SUM(C56:N56) -> 182
B57: ='Programme de vols'!$W$15 -> mars 2028 | C57: =SUM(N94:N96) -> 44 | D57: =SUM(N97:N99) -> 13 | E57: =SUM(N100:N102) -> 9 | F57: =SUM(N103:N105) -> 28 | G57: =SUM(N106:N108) -> 18 | H57: =SUM(N109:N111) -> 13 | I57: =SUM(N112:N114) -> 13 | J57: =SUM(N115:N117) -> 9 | K57: =SUM(N118:N120) -> 5 | L57: =SUM(N121:N123) -> 8 | M57: =SUM(N124:N126) -> 27 | N57: =SUM(N127:N129) -> 9 | O57: =SUM(C57:N57) -> 196
B58: TOTAL ANNEE | C58: =SUM(C46:C57) -> 542 | D58: =SUM(D46:D57) -> 157 | E58: =SUM(E46:E57) -> 104 | F58: =SUM(F46:F57) -> 314 | G58: =SUM(G46:G57) -> 209 | H58: =SUM(H46:H57) -> 171 | I58: =SUM(I46:I57) -> 157 | J58: =SUM(J46:J57) -> 105 | ... O58: =SUM(O46:O57) -> 2334
B61: ROTATIONS ET SIEGES PAR TYPE AVION ET PAR MOIS
B62: Mois | C62: Rotations 77W | D62: Rotations 778 | E62: Rotations A320 | F62: Total rotations | G62: Sieges 77W | H62: Sieges 778 | I62: Sieges A320 | J62: Total sieges | K62: Sieges / rotation
B63: ='Programme de vols'!$W$4 -> avril 2027 | C63: =SUMIF($P$94:$P$129,"77W",$C$94:$C$129) -> 34 | D63: =SUMIF($P$94:$P$129,"778",$C$94:$C$129) -> 46 | E63: =SUMIF($P$94:$P$129,"A320",$C$94:$C$129) -> 113 | F63: =SUM(C63:E63) -> 193 | G63: =C63*$C$6 -> 14892 | H63: =D63*$C$7 -> 12052 | I63: =E63*$C$8 -> 19662 | J63: =SUM(G63:I63) -> 46606 | K63: =IFERROR(J63/F63,"-") -> 241.48187
B64: ='Programme de vols'!$W$5 -> mai 2027 | C64: =SUMIF($P$94:$P$129,"77W",$D$94:$D$129) -> 36 | D64: =SUMIF($P$94:$P$129,"778",$D$94:$D$129) -> 43 | E64: =SUMIF($P$94:$P$129,"A320",$D$94:$D$129) -> 115 | F64: =SUM(C64:E64) -> 194 | G64: =C64*$C$6 -> 15768 | H64: =D64*$C$7 -> 11266 | I64: =E64*$C$8 -> 20010 | J64: =SUM(G64:I64) -> 47044 | K64: =IFERROR(J64/F64,"-") -> 242.49485
B65: ='Programme de vols'!$W$6 -> juin 2027 | C65: =SUMIF($P$94:$P$129,"77W",$E$94:$E$129) -> 34 | D65: =SUMIF($P$94:$P$129,"778",$E$94:$E$129) -> 43 | E65: =SUMIF($P$94:$P$129,"A320",$E$94:$E$129) -> 112 | F65: =SUM(C65:E65) -> 189 | G65: =C65*$C$6 -> 14892 | H65: =D65*$C$7 -> 11266 | I65: =E65*$C$8 -> 19488 | J65: =SUM(G65:I65) -> 45646 | K65: =IFERROR(J65/F65,"-") -> 241.51323
B66: ='Programme de vols'!$W$7 -> juillet 2027 | C66: =SUMIF($P$94:$P$129,"77W",$F$94:$F$129) -> 35 | D66: =SUMIF($P$94:$P$129,"778",$F$94:$F$129) -> 45 | E66: =SUMIF($P$94:$P$129,"A320",$F$94:$F$129) -> 119 | F66: =SUM(C66:E66) -> 199 | G66: =C66*$C$6 -> 15330 | H66: =D66*$C$7 -> 11790 | I66: =E66*$C$8 -> 20706 | J66: =SUM(G66:I66) -> 47826 | K66: =IFERROR(J66/F66,"-") -> 240.33166
B67: ='Programme de vols'!$W$8 -> aout 2027 | C67: =SUMIF($P$94:$P$129,"77W",$G$94:$G$129) -> 36 | D67: =SUMIF($P$94:$P$129,"778",$G$94:$G$129) -> 65 | E67: =SUMIF($P$94:$P$129,"A320",$G$94:$G$129) -> 110 | F67: =SUM(C67:E67) -> 211 | G67: =C67*$C$6 -> 15768 | H67: =D67*$C$7 -> 17030 | I67: =E67*$C$8 -> 19140 | J67: =SUM(G67:I67) -> 51938 | K67: =IFERROR(J67/F67,"-") -> 246.15166
B68: ='Programme de vols'!$W$9 -> septembre 2027 | C68: =SUMIF($P$94:$P$129,"77W",$H$94:$H$129) -> 34 | D68: =SUMIF($P$94:$P$129,"778",$H$94:$H$129) -> 43 | E68: =SUMIF($P$94:$P$129,"A320",$H$94:$H$129) -> 112 | F68: =SUM(C68:E68) -> 189 | G68: =C68*$C$6 -> 14892 | H68: =D68*$C$7 -> 11266 | I68: =E68*$C$8 -> 19488 | J68: =SUM(G68:I68) -> 45646 | K68: =IFERROR(J68/F68,"-") -> 241.51323
B69: ='Programme de vols'!$W$10 -> octobre 2027 | C69: =SUMIF($P$94:$P$129,"77W",$I$94:$I$129) -> 36 | D69: =SUMIF($P$94:$P$129,"778",$I$94:$I$129) -> 44 | E69: =SUMIF($P$94:$P$129,"A320",$I$94:$I$129) -> 113 | F69: =SUM(C69:E69) -> 193 | G69: =C69*$C$6 -> 15768 | H69: =D69*$C$7 -> 11528 | I69: =E69*$C$8 -> 19662 | J69: =SUM(G69:I69) -> 46958 | K69: =IFERROR(J69/F69,"-") -> 243.3057
B70: ='Programme de vols'!$W$11 -> novembre 2027 | C70: =SUMIF($P$94:$P$129,"77W",$J$94:$J$129) -> 34 | D70: =SUMIF($P$94:$P$129,"778",$J$94:$J$129) -> 43 | E70: =SUMIF($P$94:$P$129,"A320",$J$94:$J$129) -> 113 | F70: =SUM(C70:E70) -> 190 | G70: =C70*$C$6 -> 14892 | H70: =D70*$C$7 -> 11266 | I70: =E70*$C$8 -> 19662 | J70: =SUM(G70:I70) -> 45820 | K70: =IFERROR(J70/F70,"-") -> 241.15789
B71: ='Programme de vols'!$W$12 -> decembre 2027 | C71: =SUMIF($P$94:$P$129,"77W",$K$94:$K$129) -> 35 | D71: =SUMIF($P$94:$P$129,"778",$K$94:$K$129) -> 46 | E71: =SUMIF($P$94:$P$129,"A320",$K$94:$K$129) -> 123 | F71: =SUM(C71:E71) -> 204 | G71: =C71*$C$6 -> 15330 | H71: =D71*$C$7 -> 12052 | I71: =E71*$C$8 -> 21402 | J71: =SUM(G71:I71) -> 48784 | K71: =IFERROR(J71/F71,"-") -> 239.13725
B72: ='Programme de vols'!$W$13 -> janvier 2028 | C72: =SUMIF($P$94:$P$129,"77W",$L$94:$L$129) -> 36 | D72: =SUMIF($P$94:$P$129,"778",$L$94:$L$129) -> 43 | E72: =SUMIF($P$94:$P$129,"A320",$L$94:$L$129) -> 115 | F72: =SUM(C72:E72) -> 194 | G72: =C72*$C$6 -> 15768 | H72: =D72*$C$7 -> 11266 | I72: =E72*$C$8 -> 20010 | J72: =SUM(G72:I72) -> 47044 | K72: =IFERROR(J72/F72,"-") -> 242.49485
B73: ='Programme de vols'!$W$14 -> fevrier 2028 | C73: =SUMIF($P$94:$P$129,"77W",$M$94:$M$129) -> 33 | D73: =SUMIF($P$94:$P$129,"778",$M$94:$M$129) -> 41 | E73: =SUMIF($P$94:$P$129,"A320",$M$94:$M$129) -> 108 | F73: =SUM(C73:E73) -> 182 | G73: =C73*$C$6 -> 14454 | H73: =D73*$C$7 -> 10742 | I73: =E73*$C$8 -> 18792 | J73: =SUM(G73:I73) -> 43988 | K73: =IFERROR(J73/F73,"-") -> 241.69231
B74: ='Programme de vols'!$W$15 -> mars 2028 | C74: =SUMIF($P$94:$P$129,"77W",$N$94:$N$129) -> 35 | D74: =SUMIF($P$94:$P$129,"778",$N$94:$N$129) -> 46 | E74: =SUMIF($P$94:$P$129,"A320",$N$94:$N$129) -> 115 | F74: =SUM(C74:E74) -> 196 | G74: =C74*$C$6 -> 15330 | H74: =D74*$C$7 -> 12052 | I74: =E74*$C$8 -> 20010 | J74: =SUM(G74:I74) -> 47392 | K74: =IFERROR(J74/F74,"-") -> 241.79592
B75: TOTAL ANNEE | C75: =SUM(C63:C74) -> 418 | D75: =SUM(D63:D74) -> 548 | E75: =SUM(E63:E74) -> 1368 | F75: =SUM(F63:F74) -> 2334 | G75: =SUM(G63:G74) -> 183084 | H75: =SUM(H63:H74) -> 143576 | I75: =SUM(I63:I74) -> 238032 | J75: =SUM(J63:J74) -> 564692 | K75: =IFERROR(J75/F75,"-") -> 241.94173
B77: CALENDRIER AUTO : occurrences de chaque jour de semaine dans le mois (semaines partielles incluses)
B78: Mois | C78: J1 | D78: J2 | E78: J3 | F78: J4 | G78: J5 | H78: J6 | I78: J7 | J78: 1er jour | K78: Dernier jour | L78: Nb de jours
B79: ='Programme de vols'!$W$4 -> avril 2027 | C79: =IF(MOD(1-WEEKDAY($J79,2),7)>=$L79,0,INT(($L79-1-MOD(1-WEEKDAY($J79,2),7))/7)+1) -> 4 | D79: =IF(MOD(2-WEEKDAY($J79,2),7)>=$L79,0,INT(($L79-1-MOD(2-WEEKDAY($J79,2),7))/7)+1) -> 4 | E79: =IF(MOD(3-WEEKDAY($J79,2),7)>=$L79,0,INT(($L79-1-MOD(3-WEEKDAY($J79,2),7))/7)+1) -> 4 | F79: =IF(MOD(4-WEEKDAY($J79,2),7)>=$L79,0,INT(($L79-1-MOD(4-WEEKDAY($J79,2),7))/7)+1) -> 5 | G79: =IF(MOD(5-WEEKDAY($J79,2),7)>=$L79,0,INT(($L79-1-MOD(5-WEEKDAY($J79,2),7))/7)+1) -> 5 | H79: =IF(MOD(6-WEEKDAY($J79,2),7)>=$L79,0,INT(($L79-1-MOD(6-WEEKDAY($J79,2),7))/7)+1) -> 4 | I79: =IF(MOD(7-WEEKDAY($J79,2),7)>=$L79,0,INT(($L79-1-MOD(7-WEEKDAY($J79,2),7))/7)+1) -> 4 | J79: ='Programme de vols'!$X$4 -> 46478 | K79: =EOMONTH($J79,0) -> 46507 | L79: =$K79-$J79+1 -> 30
B80: ='Programme de vols'!$W$5 -> mai 2027 | C80: =IF(MOD(1-WEEKDAY($J80,2),7)>=$L80,0,INT(($L80-1-MOD(1-WEEKDAY($J80,2),7))/7)+1) -> 5 | D80: =IF(MOD(2-WEEKDAY($J80,2),7)>=$L80,0,INT(($L80-1-MOD(2-WEEKDAY($J80,2),7))/7)+1) -> 4 | E80: =IF(MOD(3-WEEKDAY($J80,2),7)>=$L80,0,INT(($L80-1-MOD(3-WEEKDAY($J80,2),7))/7)+1) -> 4 | F80: =IF(MOD(4-WEEKDAY($J80,2),7)>=$L80,0,INT(($L80-1-MOD(4-WEEKDAY($J80,2),7))/7)+1) -> 4 | G80: =IF(MOD(5-WEEKDAY($J80,2),7)>=$L80,0,INT(($L80-1-MOD(5-WEEKDAY($J80,2),7))/7)+1) -> 4 | H80: =IF(MOD(6-WEEKDAY($J80,2),7)>=$L80,0,INT(($L80-1-MOD(6-WEEKDAY($J80,2),7))/7)+1) -> 5 | I80: =IF(MOD(7-WEEKDAY($J80,2),7)>=$L80,0,INT(($L80-1-MOD(7-WEEKDAY($J80,2),7))/7)+1) -> 5 | J80: ='Programme de vols'!$X$5 -> 46508 | K80: =EOMONTH($J80,0) -> 46538 | L80: =$K80-$J80+1 -> 31
B81: ='Programme de vols'!$W$6 -> juin 2027 | C81: =IF(MOD(1-WEEKDAY($J81,2),7)>=$L81,0,INT(($L81-1-MOD(1-WEEKDAY($J81,2),7))/7)+1) -> 4 | D81: =IF(MOD(2-WEEKDAY($J81,2),7)>=$L81,0,INT(($L81-1-MOD(2-WEEKDAY($J81,2),7))/7)+1) -> 5 | E81: =IF(MOD(3-WEEKDAY($J81,2),7)>=$L81,0,INT(($L81-1-MOD(3-WEEKDAY($J81,2),7))/7)+1) -> 5 | F81: =IF(MOD(4-WEEKDAY($J81,2),7)>=$L81,0,INT(($L81-1-MOD(4-WEEKDAY($J81,2),7))/7)+1) -> 4 | G81: =IF(MOD(5-WEEKDAY($J81,2),7)>=$L81,0,INT(($L81-1-MOD(5-WEEKDAY($J81,2),7))/7)+1) -> 4 | H81: =IF(MOD(6-WEEKDAY($J81,2),7)>=$L81,0,INT(($L81-1-MOD(6-WEEKDAY($J81,2),7))/7)+1) -> 4 | I81: =IF(MOD(7-WEEKDAY($J81,2),7)>=$L81,0,INT(($L81-1-MOD(7-WEEKDAY($J81,2),7))/7)+1) -> 4 | J81: ='Programme de vols'!$X$6 -> 46539 | K81: =EOMONTH($J81,0) -> 46568 | L81: =$K81-$J81+1 -> 30
B82: ='Programme de vols'!$W$7 -> juillet 2027 | C82: =IF(MOD(1-WEEKDAY($J82,2),7)>=$L82,0,INT(($L82-1-MOD(1-WEEKDAY($J82,2),7))/7)+1) -> 4 | D82: =IF(MOD(2-WEEKDAY($J82,2),7)>=$L82,0,INT(($L82-1-MOD(2-WEEKDAY($J82,2),7))/7)+1) -> 4 | E82: =IF(MOD(3-WEEKDAY($J82,2),7)>=$L82,0,INT(($L82-1-MOD(3-WEEKDAY($J82,2),7))/7)+1) -> 4 | F82: =IF(MOD(4-WEEKDAY($J82,2),7)>=$L82,0,INT(($L82-1-MOD(4-WEEKDAY($J82,2),7))/7)+1) -> 5 | G82: =IF(MOD(5-WEEKDAY($J82,2),7)>=$L82,0,INT(($L82-1-MOD(5-WEEKDAY($J82,2),7))/7)+1) -> 5 | H82: =IF(MOD(6-WEEKDAY($J82,2),7)>=$L82,0,INT(($L82-1-MOD(6-WEEKDAY($J82,2),7))/7)+1) -> 5 | I82: =IF(MOD(7-WEEKDAY($J82,2),7)>=$L82,0,INT(($L82-1-MOD(7-WEEKDAY($J82,2),7))/7)+1) -> 4 | J82: ='Programme de vols'!$X$7 -> 46569 | K82: =EOMONTH($J82,0) -> 46599 | L82: =$K82-$J82+1 -> 31
B83: ='Programme de vols'!$W$8 -> aout 2027 | C83: =IF(MOD(1-WEEKDAY($J83,2),7)>=$L83,0,INT(($L83-1-MOD(1-WEEKDAY($J83,2),7))/7)+1) -> 5 | D83: =IF(MOD(2-WEEKDAY($J83,2),7)>=$L83,0,INT(($L83-1-MOD(2-WEEKDAY($J83,2),7))/7)+1) -> 5 | E83: =IF(MOD(3-WEEKDAY($J83,2),7)>=$L83,0,INT(($L83-1-MOD(3-WEEKDAY($J83,2),7))/7)+1) -> 4 | F83: =IF(MOD(4-WEEKDAY($J83,2),7)>=$L83,0,INT(($L83-1-MOD(4-WEEKDAY($J83,2),7))/7)+1) -> 4 | G83: =IF(MOD(5-WEEKDAY($J83,2),7)>=$L83,0,INT(($L83-1-MOD(5-WEEKDAY($J83,2),7))/7)+1) -> 4 | H83: =IF(MOD(6-WEEKDAY($J83,2),7)>=$L83,0,INT(($L83-1-MOD(6-WEEKDAY($J83,2),7))/7)+1) -> 4 | I83: =IF(MOD(7-WEEKDAY($J83,2),7)>=$L83,0,INT(($L83-1-MOD(7-WEEKDAY($J83,2),7))/7)+1) -> 5 | J83: ='Programme de vols'!$X$8 -> 46600 | K83: =EOMONTH($J83,0) -> 46630 | L83: =$K83-$J83+1 -> 31
B84: ='Programme de vols'!$W$9 -> septembre 2027 | C84: =IF(MOD(1-WEEKDAY($J84,2),7)>=$L84,0,INT(($L84-1-MOD(1-WEEKDAY($J84,2),7))/7)+1) -> 4 | D84: =IF(MOD(2-WEEKDAY($J84,2),7)>=$L84,0,INT(($L84-1-MOD(2-WEEKDAY($J84,2),7))/7)+1) -> 4 | E84: =IF(MOD(3-WEEKDAY($J84,2),7)>=$L84,0,INT(($L84-1-MOD(3-WEEKDAY($J84,2),7))/7)+1) -> 5 | F84: =IF(MOD(4-WEEKDAY($J84,2),7)>=$L84,0,INT(($L84-1-MOD(4-WEEKDAY($J84,2),7))/7)+1) -> 5 | G84: =IF(MOD(5-WEEKDAY($J84,2),7)>=$L84,0,INT(($L84-1-MOD(5-WEEKDAY($J84,2),7))/7)+1) -> 4 | H84: =IF(MOD(6-WEEKDAY($J84,2),7)>=$L84,0,INT(($L84-1-MOD(6-WEEKDAY($J84,2),7))/7)+1) -> 4 | I84: =IF(MOD(7-WEEKDAY($J84,2),7)>=$L84,0,INT(($L84-1-MOD(7-WEEKDAY($J84,2),7))/7)+1) -> 4 | J84: ='Programme de vols'!$X$9 -> 46631 | K84: =EOMONTH($J84,0) -> 46660 | L84: =$K84-$J84+1 -> 30
B85: ='Programme de vols'!$W$10 -> octobre 2027 | C85: =IF(MOD(1-WEEKDAY($J85,2),7)>=$L85,0,INT(($L85-1-MOD(1-WEEKDAY($J85,2),7))/7)+1) -> 4 | D85: =IF(MOD(2-WEEKDAY($J85,2),7)>=$L85,0,INT(($L85-1-MOD(2-WEEKDAY($J85,2),7))/7)+1) -> 4 | E85: =IF(MOD(3-WEEKDAY($J85,2),7)>=$L85,0,INT(($L85-1-MOD(3-WEEKDAY($J85,2),7))/7)+1) -> 4 | F85: =IF(MOD(4-WEEKDAY($J85,2),7)>=$L85,0,INT(($L85-1-MOD(4-WEEKDAY($J85,2),7))/7)+1) -> 4 | G85: =IF(MOD(5-WEEKDAY($J85,2),7)>=$L85,0,INT(($L85-1-MOD(5-WEEKDAY($J85,2),7))/7)+1) -> 5 | H85: =IF(MOD(6-WEEKDAY($J85,2),7)>=$L85,0,INT(($L85-1-MOD(6-WEEKDAY($J85,2),7))/7)+1) -> 5 | I85: =IF(MOD(7-WEEKDAY($J85,2),7)>=$L85,0,INT(($L85-1-MOD(7-WEEKDAY($J85,2),7))/7)+1) -> 5 | J85: ='Programme de vols'!$X$10 -> 46661 | K85: =EOMONTH($J85,0) -> 46691 | L85: =$K85-$J85+1 -> 31
B86: ='Programme de vols'!$W$11 -> novembre 2027 | C86: =IF(MOD(1-WEEKDAY($J86,2),7)>=$L86,0,INT(($L86-1-MOD(1-WEEKDAY($J86,2),7))/7)+1) -> 5 | D86: =IF(MOD(2-WEEKDAY($J86,2),7)>=$L86,0,INT(($L86-1-MOD(2-WEEKDAY($J86,2),7))/7)+1) -> 5 | E86: =IF(MOD(3-WEEKDAY($J86,2),7)>=$L86,0,INT(($L86-1-MOD(3-WEEKDAY($J86,2),7))/7)+1) -> 4 | F86: =IF(MOD(4-WEEKDAY($J86,2),7)>=$L86,0,INT(($L86-1-MOD(4-WEEKDAY($J86,2),7))/7)+1) -> 4 | G86: =IF(MOD(5-WEEKDAY($J86,2),7)>=$L86,0,INT(($L86-1-MOD(5-WEEKDAY($J86,2),7))/7)+1) -> 4 | H86: =IF(MOD(6-WEEKDAY($J86,2),7)>=$L86,0,INT(($L86-1-MOD(6-WEEKDAY($J86,2),7))/7)+1) -> 4 | I86: =IF(MOD(7-WEEKDAY($J86,2),7)>=$L86,0,INT(($L86-1-MOD(7-WEEKDAY($J86,2),7))/7)+1) -> 4 | J86: ='Programme de vols'!$X$11 -> 46692 | K86: =EOMONTH($J86,0) -> 46721 | L86: =$K86-$J86+1 -> 30
B87: ='Programme de vols'!$W$12 -> decembre 2027 | C87: =IF(MOD(1-WEEKDAY($J87,2),7)>=$L87,0,INT(($L87-1-MOD(1-WEEKDAY($J87,2),7))/7)+1) -> 4 | D87: =IF(MOD(2-WEEKDAY($J87,2),7)>=$L87,0,INT(($L87-1-MOD(2-WEEKDAY($J87,2),7))/7)+1) -> 4 | E87: =IF(MOD(3-WEEKDAY($J87,2),7)>=$L87,0,INT(($L87-1-MOD(3-WEEKDAY($J87,2),7))/7)+1) -> 5 | F87: =IF(MOD(4-WEEKDAY($J87,2),7)>=$L87,0,INT(($L87-1-MOD(4-WEEKDAY($J87,2),7))/7)+1) -> 5 | G87: =IF(MOD(5-WEEKDAY($J87,2),7)>=$L87,0,INT(($L87-1-MOD(5-WEEKDAY($J87,2),7))/7)+1) -> 5 | H87: =IF(MOD(6-WEEKDAY($J87,2),7)>=$L87,0,INT(($L87-1-MOD(6-WEEKDAY($J87,2),7))/7)+1) -> 4 | I87: =IF(MOD(7-WEEKDAY($J87,2),7)>=$L87,0,INT(($L87-1-MOD(7-WEEKDAY($J87,2),7))/7)+1) -> 4 | J87: ='Programme de vols'!$X$12 -> 46722 | K87: =EOMONTH($J87,0) -> 46752 | L87: =$K87-$J87+1 -> 31
B88: ='Programme de vols'!$W$13 -> janvier 2028 | C88: =IF(MOD(1-WEEKDAY($J88,2),7)>=$L88,0,INT(($L88-1-MOD(1-WEEKDAY($J88,2),7))/7)+1) -> 5 | D88: =IF(MOD(2-WEEKDAY($J88,2),7)>=$L88,0,INT(($L88-1-MOD(2-WEEKDAY($J88,2),7))/7)+1) -> 4 | E88: =IF(MOD(3-WEEKDAY($J88,2),7)>=$L88,0,INT(($L88-1-MOD(3-WEEKDAY($J88,2),7))/7)+1) -> 4 | F88: =IF(MOD(4-WEEKDAY($J88,2),7)>=$L88,0,INT(($L88-1-MOD(4-WEEKDAY($J88,2),7))/7)+1) -> 4 | G88: =IF(MOD(5-WEEKDAY($J88,2),7)>=$L88,0,INT(($L88-1-MOD(5-WEEKDAY($J88,2),7))/7)+1) -> 4 | H88: =IF(MOD(6-WEEKDAY($J88,2),7)>=$L88,0,INT(($L88-1-MOD(6-WEEKDAY($J88,2),7))/7)+1) -> 5 | I88: =IF(MOD(7-WEEKDAY($J88,2),7)>=$L88,0,INT(($L88-1-MOD(7-WEEKDAY($J88,2),7))/7)+1) -> 5 | J88: ='Programme de vols'!$X$13 -> 46753 | K88: =EOMONTH($J88,0) -> 46783 | L88: =$K88-$J88+1 -> 31
B89: ='Programme de vols'!$W$14 -> fevrier 2028 | C89: =IF(MOD(1-WEEKDAY($J89,2),7)>=$L89,0,INT(($L89-1-MOD(1-WEEKDAY($J89,2),7))/7)+1) -> 4 | D89: =IF(MOD(2-WEEKDAY($J89,2),7)>=$L89,0,INT(($L89-1-MOD(2-WEEKDAY($J89,2),7))/7)+1) -> 5 | E89: =IF(MOD(3-WEEKDAY($J89,2),7)>=$L89,0,INT(($L89-1-MOD(3-WEEKDAY($J89,2),7))/7)+1) -> 4 | F89: =IF(MOD(4-WEEKDAY($J89,2),7)>=$L89,0,INT(($L89-1-MOD(4-WEEKDAY($J89,2),7))/7)+1) -> 4 | G89: =IF(MOD(5-WEEKDAY($J89,2),7)>=$L89,0,INT(($L89-1-MOD(5-WEEKDAY($J89,2),7))/7)+1) -> 4 | H89: =IF(MOD(6-WEEKDAY($J89,2),7)>=$L89,0,INT(($L89-1-MOD(6-WEEKDAY($J89,2),7))/7)+1) -> 4 | I89: =IF(MOD(7-WEEKDAY($J89,2),7)>=$L89,0,INT(($L89-1-MOD(7-WEEKDAY($J89,2),7))/7)+1) -> 4 | J89: ='Programme de vols'!$X$14 -> 46784 | K89: =EOMONTH($J89,0) -> 46812 | L89: =$K89-$J89+1 -> 29
B90: ='Programme de vols'!$W$15 -> mars 2028 | C90: =IF(MOD(1-WEEKDAY($J90,2),7)>=$L90,0,INT(($L90-1-MOD(1-WEEKDAY($J90,2),7))/7)+1) -> 4 | D90: =IF(MOD(2-WEEKDAY($J90,2),7)>=$L90,0,INT(($L90-1-MOD(2-WEEKDAY($J90,2),7))/7)+1) -> 4 | E90: =IF(MOD(3-WEEKDAY($J90,2),7)>=$L90,0,INT(($L90-1-MOD(3-WEEKDAY($J90,2),7))/7)+1) -> 5 | F90: =IF(MOD(4-WEEKDAY($J90,2),7)>=$L90,0,INT(($L90-1-MOD(4-WEEKDAY($J90,2),7))/7)+1) -> 5 | G90: =IF(MOD(5-WEEKDAY($J90,2),7)>=$L90,0,INT(($L90-1-MOD(5-WEEKDAY($J90,2),7))/7)+1) -> 5 | H90: =IF(MOD(6-WEEKDAY($J90,2),7)>=$L90,0,INT(($L90-1-MOD(6-WEEKDAY($J90,2),7))/7)+1) -> 4 | I90: =IF(MOD(7-WEEKDAY($J90,2),7)>=$L90,0,INT(($L90-1-MOD(7-WEEKDAY($J90,2),7))/7)+1) -> 4 | J90: ='Programme de vols'!$X$15 -> 46813 | K90: =EOMONTH($J90,0) -> 46843 | L90: =$K90-$J90+1 -> 31
B92: DETAIL AUTO : rotations par route, type avion et mois (programme du mois + vols additionnels)
B93: Route / type | C93: ='Programme de vols'!$W$4 -> avril 2027 | D93: ='Programme de vols'!$W$5 -> mai 2027 | E93: ='Programme de vols'!$W$6 -> juin 2027 | F93: ='Programme de vols'!$W$7 -> juillet 2027 | G93: ='Programme de vols'!$W$8 -> aout 2027 | H93: ='Programme de vols'!$W$9 -> septembre 2027 | I93: ='Programme de vols'!$W$10 -> octobre 2027 | J93: ='Programme de vols'!$W$11 -> novembre 2027 | K93: ='Programme de vols'!$W$12 -> decembre 2027 | L93: ='Programme de vols'!$W$13 -> janvier 2028 | M93: ='Programme de vols'!$W$14 -> fevrier 2028 | N93: ='Programme de vols'!$W$15 -> mars 2028 | O93: Route | P93: Type
B94: CDGRUN - 77W | C94: =SUMPRODUCT($C$79:$I$79,--(INDEX('Programme de vols'!$D$49:$J$513,1,0)<>""))+SUMIFS('Programme de vols'!$E$521:$E$560,'Programme de vols'!$C$521:$C$560,"CDGRUN",'Programme de vols'!$D$521:$D$560,"77W",'Programme de vols'!$B$521:$B$560,">="&$J$79,'Programme de vols'!$B$521:$B$560,"<="&$K$79) -> 30 | D94: =SUMPRODUCT($C$80:$I$80,--(INDEX('Programme de vols'!$D$49:$J$513,40,0)<>""))+SUMIFS('Programme de vols'!$E$521:$E$560,'Programme de vols'!$C$521:$C$560,"CDGRUN",'Programme de vols'!$D$521:$D$560,"77W",'Programme de vols'!$B$521:$B$560,">="&$J$80,'Programme de vols'!$B$521:$B$560,"<="&$K$80) -> 31 | E94: =SUMPRODUCT($C$81:$I$81,--(INDEX('Programme de vols'!$D$49:$J$513,79,0)<>""))+SUMIFS('Programme de vols'!$E$521:$E$560,'Programme de vols'!$C$521:$C$560,"CDGRUN",'Programme de vols'!$D$521:$D$560,"77W",'Programme de vols'!$B$521:$B$560,">="&$J$81,'Programme de vols'!$B$521:$B$560,"<="&$K$81) -> 30 | F94: =SUMPRODUCT($C$82:$I$82,--(INDEX('Programme de vols'!$D$49:$J$513,118,0)<>""))+SUMIFS('Programme de vols'!$E$521:$E$560,'Programme de vols'!$C$521:$C$560,"CDGRUN",'Programme de vols'!$D$521:$D$560,"77W",'Programme de vols'!$B$521:$B$560,">="&$J$82,'Programme de vols'!$B$521:$B$560,"<="&$K$82) -> 31 | G94: =SUMPRODUCT($C$83:$I$83,--(INDEX('Programme de vols'!$D$49:$J$513,157,0)<>""))+SUMIFS('Programme de vols'!$E$521:$E$560,'Programme de vols'!$C$521:$C$560,"CDGRUN",'Programme de vols'!$D$521:$D$560,"77W",'Programme de vols'!$B$521:$B$560,">="&$J$83,'Programme de vols'!$B$521:$B$560,"<="&$K$83) -> 31 | H94: =SUMPRODUCT($C$84:$I$84,--(INDEX('Programme de vols'!$D$49:$J$513,196,0)<>""))+SUMIFS('Programme de vols'!$E$521:$E$560,'Programme de vols'!$C$521:$C$560,"CDGRUN",'Programme de vols'!$D$521:$D$560,"77W",'Programme de vols'!$B$521:$B$560,">="&$J$84,'Programme de vols'!$B$521:$B$560,"<="&$K$84) -> 30 | I94: =SUMPRODUCT($C$85:$I$85,--(INDEX('Programme de vols'!$D$49:$J$513,235,0)<>""))+SUMIFS('Programme de vols'!$E$521:$E$560,'Programme de vols'!$C$521:$C$560,"CDGRUN",'Programme de vols'!$D$521:$D$560,"77W",'Programme de vols'!$B$521:$B$560,">="&$J$85,'Programme de vols'!$B$521:$B$560,"<="&$K$85) -> 31 | J94: =SUMPRODUCT($C$86:$I$86,--(INDEX('Programme de vols'!$D$49:$J$513,274,0)<>""))+SUMIFS('Programme de vols'!$E$521:$E$560,'Programme de vols'!$C$521:$C$560,"CDGRUN",'Programme de vols'!$D$521:$D$560,"77W",'Programme de vols'!$B$521:$B$560,">="&$J$86,'Programme de vols'!$B$521:$B$560,"<="&$K$86) -> 30 | K94: =SUMPRODUCT($C$87:$I$87,--(INDEX('Programme de vols'!$D$49:$J$513,313,0)<>""))+SUMIFS('Programme de vols'!$E$521:$E$560,'Programme de vols'!$C$521:$C$560,"CDGRUN",'Programme de vols'!$D$521:$D$560,"77W",'Programme de vols'!$B$521:$B$560,">="&$J$87,'Programme de vols'!$B$521:$B$560,"<="&$K$87) -> 31 | L94: =SUMPRODUCT($C$88:$I$88,--(INDEX('Programme de vols'!$D$49:$J$513,352,0)<>""))+SUMIFS('Programme de vols'!$E$521:$E$560,'Programme de vols'!$C$521:$C$560,"CDGRUN",'Programme de vols'!$D$521:$D$560,"77W",'Programme de vols'!$B$521:$B$560,">="&$J$88,'Programme de vols'!$B$521:$B$560,"<="&$K$88) -> 31 | M94: =SUMPRODUCT($C$89:$I$89,--(INDEX('Programme de vols'!$D$49:$J$513,391,0)<>""))+SUMIFS('Programme de vols'!$E$521:$E$560,'Programme de vols'!$C$521:$C$560,"CDGRUN",'Programme de vols'!$D$521:$D$560,"77W",'Programme de vols'!$B$521:$B$560,">="&$J$89,'Programme de vols'!$B$521:$B$560,"<="&$K$89) -> 29 | N94: =SUMPRODUCT($C$90:$I$90,--(INDEX('Programme de vols'!$D$49:$J$513,430,0)<>""))+SUMIFS('Programme de vols'!$E$521:$E$560,'Programme de vols'!$C$521:$C$560,"CDGRUN",'Programme de vols'!$D$521:$D$560,"77W",'Programme de vols'!$B$521:$B$560,">="&$J$90,'Programme de vols'!$B$521:$B$560,"<="&$K$90) -> 31 | O94: CDGRUN | P94: 77W
B95: CDGRUN - 778 | C95: =SUMPRODUCT($C$79:$I$79,--(INDEX('Programme de vols'!$D$49:$J$513,2,0)<>""))+SUMIFS('Programme de vols'!$E$521:$E$560,'Programme de vols'!$C$521:$C$560,"CDGRUN",'Programme de vols'!$D$521:$D$560,"778",'Programme de vols'!$B$521:$B$560,">="&$J$79,'Programme de vols'!$B$521:$B$560,"<="&$K$79) -> 11 | D95: =SUMPRODUCT($C$80:$I$80,--(INDEX('Programme de vols'!$D$49:$J$513,41,0)<>""))+SUMIFS('Programme de vols'!$E$521:$E$560,'Programme de vols'!$C$521:$C$560,"CDGRUN",'Programme de vols'!$D$521:$D$560,"778",'Programme de vols'!$B$521:$B$560,">="&$J$80,'Programme de vols'!$B$521:$B$560,"<="&$K$80) -> 9 | E95: =SUMPRODUCT($C$81:$I$81,--(INDEX('Programme de vols'!$D$49:$J$513,80,0)<>""))+SUMIFS('Programme de vols'!$E$521:$E$560,'Programme de vols'!$C$521:$C$560,"CDGRUN",'Programme de vols'!$D$521:$D$560,"778",'Programme de vols'!$B$521:$B$560,">="&$J$81,'Programme de vols'!$B$521:$B$560,"<="&$K$81) -> 8 | F95: =SUMPRODUCT($C$82:$I$82,--(INDEX('Programme de vols'!$D$49:$J$513,119,0)<>""))+SUMIFS('Programme de vols'!$E$521:$E$560,'Programme de vols'!$C$521:$C$560,"CDGRUN",'Programme de vols'!$D$521:$D$560,"778",'Programme de vols'!$B$521:$B$560,">="&$J$82,'Programme de vols'!$B$521:$B$560,"<="&$K$82) -> 9 | G95: =SUMPRODUCT($C$83:$I$83,--(INDEX('Programme de vols'!$D$49:$J$513,158,0)<>""))+SUMIFS('Programme de vols'!$E$521:$E$560,'Programme de vols'!$C$521:$C$560,"CDGRUN",'Programme de vols'!$D$521:$D$560,"778",'Programme de vols'!$B$521:$B$560,">="&$J$83,'Programme de vols'!$B$521:$B$560,"<="&$K$83) -> 31 | H95: =SUMPRODUCT($C$84:$I$84,--(INDEX('Programme de vols'!$D$49:$J$513,197,0)<>""))+SUMIFS('Programme de vols'!$E$521:$E$560,'Programme de vols'!$C$521:$C$560,"CDGRUN",'Programme de vols'!$D$521:$D$560,"778",'Programme de vols'!$B$521:$B$560,">="&$J$84,'Programme de vols'!$B$521:$B$560,"<="&$K$84) -> 8 | I95: =SUMPRODUCT($C$85:$I$85,--(INDEX('Programme de vols'!$D$49:$J$513,236,0)<>""))+SUMIFS('Programme de vols'!$E$521:$E$560,'Programme de vols'!$C$521:$C$560,"CDGRUN",'Programme de vols'!$D$521:$D$560,"778",'Programme de vols'!$B$521:$B$560,">="&$J$85,'Programme de vols'!$B$521:$B$560,"<="&$K$85) -> 9 | J95: =SUMPRODUCT($C$86:$I$86,--(INDEX('Programme de vols'!$D$49:$J$513,275,0)<>""))+SUMIFS('Programme de vols'!$E$521:$E$560,'Programme de vols'!$C$521:$C$560,"CDGRUN",'Programme de vols'!$D$521:$D$560,"778",'Programme de vols'!$B$521:$B$560,">="&$J$86,'Programme de vols'!$B$521:$B$560,"<="&$K$86) -> 9 | K95: =SUMPRODUCT($C$87:$I$87,--(INDEX('Programme de vols'!$D$49:$J$513,314,0)<>""))+SUMIFS('Programme de vols'!$E$521:$E$560,'Programme de vols'!$C$521:$C$560,"CDGRUN",'Programme de vols'!$D$521:$D$560,"778",'Programme de vols'!$B$521:$B$560,">="&$J$87,'Programme de vols'!$B$521:$B$560,"<="&$K$87) -> 9 | L95: =SUMPRODUCT($C$88:$I$88,--(INDEX('Programme de vols'!$D$49:$J$513,353,0)<>""))+SUMIFS('Programme de vols'!$E$521:$E$560,'Programme de vols'!$C$521:$C$560,"CDGRUN",'Programme de vols'!$D$521:$D$560,"778",'Programme de vols'!$B$521:$B$560,">="&$J$88,'Programme de vols'!$B$521:$B$560,"<="&$K$88) -> 9 | M95: =SUMPRODUCT($C$89:$I$89,--(INDEX('Programme de vols'!$D$49:$J$513,392,0)<>""))+SUMIFS('Programme de vols'!$E$521:$E$560,'Programme de vols'!$C$521:$C$560,"CDGRUN",'Programme de vols'!$D$521:$D$560,"778",'Programme de vols'!$B$521:$B$560,">="&$J$89,'Programme de vols'!$B$521:$B$560,"<="&$K$89) -> 8 | N95: =SUMPRODUCT($C$90:$I$90,--(INDEX('Programme de vols'!$D$49:$J$513,431,0)<>""))+SUMIFS('Programme de vols'!$E$521:$E$560,'Programme de vols'!$C$521:$C$560,"CDGRUN",'Programme de vols'!$D$521:$D$560,"778",'Programme de vols'!$B$521:$B$560,">="&$J$90,'Programme de vols'!$B$521:$B$560,"<="&$K$90) -> 9 | O95: CDGRUN | P95: 778
B96: CDGRUN - A320 | C96: =SUMPRODUCT($C$79:$I$79,--(INDEX('Programme de vols'!$D$49:$J$513,3,0)<>""))+SUMIFS('Programme de vols'!$E$521:$E$560,'Programme de vols'!$C$521:$C$560,"CDGRUN",'Programme de vols'!$D$521:$D$560,"A320",'Programme de vols'!$B$521:$B$560,">="&$J$79,'Programme de vols'!$B$521:$B$560,"<="&$K$79) -> 4 | D96: =SUMPRODUCT($C$80:$I$80,--(INDEX('Programme de vols'!$D$49:$J$513,42,0)<>""))+SUMIFS('Programme de vols'!$E$521:$E$560,'Programme de vols'!$C$521:$C$560,"CDGRUN",'Programme de vols'!$D$521:$D$560,"A320",'Programme de vols'!$B$521:$B$560,">="&$J$80,'Programme de vols'!$B$521:$B$560,"<="&$K$80) -> 5 | E96: =SUMPRODUCT($C$81:$I$81,--(INDEX('Programme de vols'!$D$49:$J$513,81,0)<>""))+SUMIFS('Programme de vols'!$E$521:$E$560,'Programme de vols'!$C$521:$C$560,"CDGRUN",'Programme de vols'!$D$521:$D$560,"A320",'Programme de vols'!$B$521:$B$560,">="&$J$81,'Programme de vols'!$B$521:$B$560,"<="&$K$81) -> 4 | F96: =SUMPRODUCT($C$82:$I$82,--(INDEX('Programme de vols'!$D$49:$J$513,120,0)<>""))+SUMIFS('Programme de vols'!$E$521:$E$560,'Programme de vols'!$C$521:$C$560,"CDGRUN",'Programme de vols'!$D$521:$D$560,"A320",'Programme de vols'!$B$521:$B$560,">="&$J$82,'Programme de vols'!$B$521:$B$560,"<="&$K$82) -> 4 | G96: =SUMPRODUCT($C$83:$I$83,--(INDEX('Programme de vols'!$D$49:$J$513,159,0)<>""))+SUMIFS('Programme de vols'!$E$521:$E$560,'Programme de vols'!$C$521:$C$560,"CDGRUN",'Programme de vols'!$D$521:$D$560,"A320",'Programme de vols'!$B$521:$B$560,">="&$J$83,'Programme de vols'!$B$521:$B$560,"<="&$K$83) -> 0 | H96: =SUMPRODUCT($C$84:$I$84,--(INDEX('Programme de vols'!$D$49:$J$513,198,0)<>""))+SUMIFS('Programme de vols'!$E$521:$E$560,'Programme de vols'!$C$521:$C$560,"CDGRUN",'Programme de vols'!$D$521:$D$560,"A320",'Programme de vols'!$B$521:$B$560,">="&$J$84,'Programme de vols'!$B$521:$B$560,"<="&$K$84) -> 4 | I96: =SUMPRODUCT($C$85:$I$85,--(INDEX('Programme de vols'!$D$49:$J$513,237,0)<>""))+SUMIFS('Programme de vols'!$E$521:$E$560,'Programme de vols'!$C$521:$C$560,"CDGRUN",'Programme de vols'!$D$521:$D$560,"A320",'Programme de vols'!$B$521:$B$560,">="&$J$85,'Programme de vols'!$B$521:$B$560,"<="&$K$85) -> 4 | J96: =SUMPRODUCT($C$86:$I$86,--(INDEX('Programme de vols'!$D$49:$J$513,276,0)<>""))+SUMIFS('Programme de vols'!$E$521:$E$560,'Programme de vols'!$C$521:$C$560,"CDGRUN",'Programme de vols'!$D$521:$D$560,"A320",'Programme de vols'!$B$521:$B$560,">="&$J$86,'Programme de vols'!$B$521:$B$560,"<="&$K$86) -> 5 | K96: =SUMPRODUCT($C$87:$I$87,--(INDEX('Programme de vols'!$D$49:$J$513,315,0)<>""))+SUMIFS('Programme de vols'!$E$521:$E$560,'Programme de vols'!$C$521:$C$560,"CDGRUN",'Programme de vols'!$D$521:$D$560,"A320",'Programme de vols'!$B$521:$B$560,">="&$J$87,'Programme de vols'!$B$521:$B$560,"<="&$K$87) -> 4 | L96: =SUMPRODUCT($C$88:$I$88,--(INDEX('Programme de vols'!$D$49:$J$513,354,0)<>""))+SUMIFS('Programme de vols'!$E$521:$E$560,'Programme de vols'!$C$521:$C$560,"CDGRUN",'Programme de vols'!$D$521:$D$560,"A320",'Programme de vols'!$B$521:$B$560,">="&$J$88,'Programme de vols'!$B$521:$B$560,"<="&$K$88) -> 5 | M96: =SUMPRODUCT($C$89:$I$89,--(INDEX('Programme de vols'!$D$49:$J$513,393,0)<>""))+SUMIFS('Programme de vols'!$E$521:$E$560,'Programme de vols'!$C$521:$C$560,"CDGRUN",'Programme de vols'!$D$521:$D$560,"A320",'Programme de vols'!$B$521:$B$560,">="&$J$89,'Programme de vols'!$B$521:$B$560,"<="&$K$89) -> 4 | N96: =SUMPRODUCT($C$90:$I$90,--(INDEX('Programme de vols'!$D$49:$J$513,432,0)<>""))+SUMIFS('Programme de vols'!$E$521:$E$560,'Programme de vols'!$C$521:$C$560,"CDGRUN",'Programme de vols'!$D$521:$D$560,"A320",'Programme de vols'!$B$521:$B$560,">="&$J$90,'Programme de vols'!$B$521:$B$560,"<="&$K$90) -> 4 | O96: CDGRUN | P96: A320
B97: CDGDZA - 77W | C97: =SUMPRODUCT($C$79:$I$79,--(INDEX('Programme de vols'!$D$49:$J$513,4,0)<>""))+SUMIFS('Programme de vols'!$E$521:$E$560,'Programme de vols'!$C$521:$C$560,"CDGDZA",'Programme de vols'!$D$521:$D$560,"77W",'Programme de vols'!$B$521:$B$560,">="&$J$79,'Programme de vols'!$B$521:$B$560,"<="&$K$79) -> 4 | D97: =SUMPRODUCT($C$80:$I$80,--(INDEX('Programme de vols'!$D$49:$J$513,43,0)<>""))+SUMIFS('Programme de vols'!$E$521:$E$560,'Programme de vols'!$C$521:$C$560,"CDGDZA",'Programme de vols'!$D$521:$D$560,"77W",'Programme de vols'!$B$521:$B$560,">="&$J$80,'Programme de vols'!$B$521:$B$560,"<="&$K$80) -> 5 | E97: =SUMPRODUCT($C$81:$I$81,--(INDEX('Programme de vols'!$D$49:$J$513,82,0)<>""))+SUMIFS('Programme de vols'!$E$521:$E$560,'Programme de vols'!$C$521:$C$560,"CDGDZA",'Programme de vols'!$D$521:$D$560,"77W",'Programme de vols'!$B$521:$B$560,">="&$J$81,'Programme de vols'!$B$521:$B$560,"<="&$K$81) -> 4 | F97: =SUMPRODUCT($C$82:$I$82,--(INDEX('Programme de vols'!$D$49:$J$513,121,0)<>""))+SUMIFS('Programme de vols'!$E$521:$E$560,'Programme de vols'!$C$521:$C$560,"CDGDZA",'Programme de vols'!$D$521:$D$560,"77W",'Programme de vols'!$B$521:$B$560,">="&$J$82,'Programme de vols'!$B$521:$B$560,"<="&$K$82) -> 4 | G97: =SUMPRODUCT($C$83:$I$83,--(INDEX('Programme de vols'!$D$49:$J$513,160,0)<>""))+SUMIFS('Programme de vols'!$E$521:$E$560,'Programme de vols'!$C$521:$C$560,"CDGDZA",'Programme de vols'!$D$521:$D$560,"77W",'Programme de vols'!$B$521:$B$560,">="&$J$83,'Programme de vols'!$B$521:$B$560,"<="&$K$83) -> 5 | H97: =SUMPRODUCT($C$84:$I$84,--(INDEX('Programme de vols'!$D$49:$J$513,199,0)<>""))+SUMIFS('Programme de vols'!$E$521:$E$560,'Programme de vols'!$C$521:$C$560,"CDGDZA",'Programme de vols'!$D$521:$D$560,"77W",'Programme de vols'!$B$521:$B$560,">="&$J$84,'Programme de vols'!$B$521:$B$560,"<="&$K$84) -> 4 | I97: =SUMPRODUCT($C$85:$I$85,--(INDEX('Programme de vols'!$D$49:$J$513,238,0)<>""))+SUMIFS('Programme de vols'!$E$521:$E$560,'Programme de vols'!$C$521:$C$560,"CDGDZA",'Programme de vols'!$D$521:$D$560,"77W",'Programme de vols'!$B$521:$B$560,">="&$J$85,'Programme de vols'!$B$521:$B$560,"<="&$K$85) -> 5 | J97: =SUMPRODUCT($C$86:$I$86,--(INDEX('Programme de vols'!$D$49:$J$513,277,0)<>""))+SUMIFS('Programme de vols'!$E$521:$E$560,'Programme de vols'!$C$521:$C$560,"CDGDZA",'Programme de vols'!$D$521:$D$560,"77W",'Programme de vols'!$B$521:$B$560,">="&$J$86,'Programme de vols'!$B$521:$B$560,"<="&$K$86) -> 4 | K97: =SUMPRODUCT($C$87:$I$87,--(INDEX('Programme de vols'!$D$49:$J$513,316,0)<>""))+SUMIFS('Programme de vols'!$E$521:$E$560,'Programme de vols'!$C$521:$C$560,"CDGDZA",'Programme de vols'!$D$521:$D$560,"77W",'Programme de vols'!$B$521:$B$560,">="&$J$87,'Programme de vols'!$B$521:$B$560,"<="&$K$87) -> 4 | L97: =SUMPRODUCT($C$88:$I$88,--(INDEX('Programme de vols'!$D$49:$J$513,355,0)<>""))+SUMIFS('Programme de vols'!$E$521:$E$560,'Programme de vols'!$C$521:$C$560,"CDGDZA",'Programme de vols'!$D$521:$D$560,"77W",'Programme de vols'!$B$521:$B$560,">="&$J$88,'Programme de vols'!$B$521:$B$560,"<="&$K$88) -> 5 | M97: =SUMPRODUCT($C$89:$I$89,--(INDEX('Programme de vols'!$D$49:$J$513,394,0)<>""))+SUMIFS('Programme de vols'!$E$521:$E$560,'Programme de vols'!$C$521:$C$560,"CDGDZA",'Programme de vols'!$D$521:$D$560,"77W",'Programme de vols'!$B$521:$B$560,">="&$J$89,'Programme de vols'!$B$521:$B$560,"<="&$K$89) -> 4 | N97: =SUMPRODUCT($C$90:$I$90,--(INDEX('Programme de vols'!$D$49:$J$513,433,0)<>""))+SUMIFS('Programme de vols'!$E$521:$E$560,'Programme de vols'!$C$521:$C$560,"CDGDZA",'Programme de vols'!$D$521:$D$560,"77W",'Programme de vols'!$B$521:$B$560,">="&$J$90,'Programme de vols'!$B$521:$B$560,"<="&$K$90) -> 4 | O97: CDGDZA | P97: 77W
B98: CDGDZA - 778 | C98: =SUMPRODUCT($C$79:$I$79,--(INDEX('Programme de vols'!$D$49:$J$513,5,0)<>""))+SUMIFS('Programme de vols'!$E$521:$E$560,'Programme de vols'!$C$521:$C$560,"CDGDZA",'Programme de vols'!$D$521:$D$560,"778",'Programme de vols'!$B$521:$B$560,">="&$J$79,'Programme de vols'!$B$521:$B$560,"<="&$K$79) -> 9 | D98: =SUMPRODUCT($C$80:$I$80,--(INDEX('Programme de vols'!$D$49:$J$513,44,0)<>""))+SUMIFS('Programme de vols'!$E$521:$E$560,'Programme de vols'!$C$521:$C$560,"CDGDZA",'Programme de vols'!$D$521:$D$560,"778",'Programme de vols'!$B$521:$B$560,">="&$J$80,'Programme de vols'!$B$521:$B$560,"<="&$K$80) -> 8 | E98: =SUMPRODUCT($C$81:$I$81,--(INDEX('Programme de vols'!$D$49:$J$513,83,0)<>""))+SUMIFS('Programme de vols'!$E$521:$E$560,'Programme de vols'!$C$521:$C$560,"CDGDZA",'Programme de vols'!$D$521:$D$560,"778",'Programme de vols'!$B$521:$B$560,">="&$J$81,'Programme de vols'!$B$521:$B$560,"<="&$K$81) -> 9 | F98: =SUMPRODUCT($C$82:$I$82,--(INDEX('Programme de vols'!$D$49:$J$513,122,0)<>""))+SUMIFS('Programme de vols'!$E$521:$E$560,'Programme de vols'!$C$521:$C$560,"CDGDZA",'Programme de vols'!$D$521:$D$560,"778",'Programme de vols'!$B$521:$B$560,">="&$J$82,'Programme de vols'!$B$521:$B$560,"<="&$K$82) -> 9 | G98: =SUMPRODUCT($C$83:$I$83,--(INDEX('Programme de vols'!$D$49:$J$513,161,0)<>""))+SUMIFS('Programme de vols'!$E$521:$E$560,'Programme de vols'!$C$521:$C$560,"CDGDZA",'Programme de vols'!$D$521:$D$560,"778",'Programme de vols'!$B$521:$B$560,">="&$J$83,'Programme de vols'!$B$521:$B$560,"<="&$K$83) -> 9 | H98: =SUMPRODUCT($C$84:$I$84,--(INDEX('Programme de vols'!$D$49:$J$513,200,0)<>""))+SUMIFS('Programme de vols'!$E$521:$E$560,'Programme de vols'!$C$521:$C$560,"CDGDZA",'Programme de vols'!$D$521:$D$560,"778",'Programme de vols'!$B$521:$B$560,">="&$J$84,'Programme de vols'!$B$521:$B$560,"<="&$K$84) -> 8 | I98: =SUMPRODUCT($C$85:$I$85,--(INDEX('Programme de vols'!$D$49:$J$513,239,0)<>""))+SUMIFS('Programme de vols'!$E$521:$E$560,'Programme de vols'!$C$521:$C$560,"CDGDZA",'Programme de vols'!$D$521:$D$560,"778",'Programme de vols'!$B$521:$B$560,">="&$J$85,'Programme de vols'!$B$521:$B$560,"<="&$K$85) -> 9 | J98: =SUMPRODUCT($C$86:$I$86,--(INDEX('Programme de vols'!$D$49:$J$513,278,0)<>""))+SUMIFS('Programme de vols'!$E$521:$E$560,'Programme de vols'!$C$521:$C$560,"CDGDZA",'Programme de vols'!$D$521:$D$560,"778",'Programme de vols'!$B$521:$B$560,">="&$J$86,'Programme de vols'!$B$521:$B$560,"<="&$K$86) -> 9 | K98: =SUMPRODUCT($C$87:$I$87,--(INDEX('Programme de vols'!$D$49:$J$513,317,0)<>""))+SUMIFS('Programme de vols'!$E$521:$E$560,'Programme de vols'!$C$521:$C$560,"CDGDZA",'Programme de vols'!$D$521:$D$560,"778",'Programme de vols'!$B$521:$B$560,">="&$J$87,'Programme de vols'!$B$521:$B$560,"<="&$K$87) -> 9 | L98: =SUMPRODUCT($C$88:$I$88,--(INDEX('Programme de vols'!$D$49:$J$513,356,0)<>""))+SUMIFS('Programme de vols'!$E$521:$E$560,'Programme de vols'!$C$521:$C$560,"CDGDZA",'Programme de vols'!$D$521:$D$560,"778",'Programme de vols'!$B$521:$B$560,">="&$J$88,'Programme de vols'!$B$521:$B$560,"<="&$K$88) -> 8 | M98: =SUMPRODUCT($C$89:$I$89,--(INDEX('Programme de vols'!$D$49:$J$513,395,0)<>""))+SUMIFS('Programme de vols'!$E$521:$E$560,'Programme de vols'!$C$521:$C$560,"CDGDZA",'Programme de vols'!$D$521:$D$560,"778",'Programme de vols'!$B$521:$B$560,">="&$J$89,'Programme de vols'!$B$521:$B$560,"<="&$K$89) -> 9 | N98: =SUMPRODUCT($C$90:$I$90,--(INDEX('Programme de vols'!$D$49:$J$513,434,0)<>""))+SUMIFS('Programme de vols'!$E$521:$E$560,'Programme de vols'!$C$521:$C$560,"CDGDZA",'Programme de vols'!$D$521:$D$560,"778",'Programme de vols'!$B$521:$B$560,">="&$J$90,'Programme de vols'!$B$521:$B$560,"<="&$K$90) -> 9 | O98: CDGDZA | P98: 778
B99: CDGDZA - A320 | C99: =SUMPRODUCT($C$79:$I$79,--(INDEX('Programme de vols'!$D$49:$J$513,6,0)<>""))+SUMIFS('Programme de vols'!$E$521:$E$560,'Programme de vols'!$C$521:$C$560,"CDGDZA",'Programme de vols'!$D$521:$D$560,"A320",'Programme de vols'!$B$521:$B$560,">="&$J$79,'Programme de vols'!$B$521:$B$560,"<="&$K$79) -> 0 | D99: =SUMPRODUCT($C$80:$I$80,--(INDEX('Programme de vols'!$D$49:$J$513,45,0)<>""))+SUMIFS('Programme de vols'!$E$521:$E$560,'Programme de vols'!$C$521:$C$560,"CDGDZA",'Programme de vols'!$D$521:$D$560,"A320",'Programme de vols'!$B$521:$B$560,">="&$J$80,'Programme de vols'!$B$521:$B$560,"<="&$K$80) -> 0 | E99: =SUMPRODUCT($C$81:$I$81,--(INDEX('Programme de vols'!$D$49:$J$513,84,0)<>""))+SUMIFS('Programme de vols'!$E$521:$E$560,'Programme de vols'!$C$521:$C$560,"CDGDZA",'Programme de vols'!$D$521:$D$560,"A320",'Programme de vols'!$B$521:$B$560,">="&$J$81,'Programme de vols'!$B$521:$B$560,"<="&$K$81) -> 0 | F99: =SUMPRODUCT($C$82:$I$82,--(INDEX('Programme de vols'!$D$49:$J$513,123,0)<>""))+SUMIFS('Programme de vols'!$E$521:$E$560,'Programme de vols'!$C$521:$C$560,"CDGDZA",'Programme de vols'!$D$521:$D$560,"A320",'Programme de vols'!$B$521:$B$560,">="&$J$82,'Programme de vols'!$B$521:$B$560,"<="&$K$82) -> 0 | G99: =SUMPRODUCT($C$83:$I$83,--(INDEX('Programme de vols'!$D$49:$J$513,162,0)<>""))+SUMIFS('Programme de vols'!$E$521:$E$560,'Programme de vols'!$C$521:$C$560,"CDGDZA",'Programme de vols'!$D$521:$D$560,"A320",'Programme de vols'!$B$521:$B$560,">="&$J$83,'Programme de vols'!$B$521:$B$560,"<="&$K$83) -> 0 | H99: =SUMPRODUCT($C$84:$I$84,--(INDEX('Programme de vols'!$D$49:$J$513,201,0)<>""))+SUMIFS('Programme de vols'!$E$521:$E$560,'Programme de vols'!$C$521:$C$560,"CDGDZA",'Programme de vols'!$D$521:$D$560,"A320",'Programme de vols'!$B$521:$B$560,">="&$J$84,'Programme de vols'!$B$521:$B$560,"<="&$K$84) -> 0 | I99: =SUMPRODUCT($C$85:$I$85,--(INDEX('Programme de vols'!$D$49:$J$513,240,0)<>""))+SUMIFS('Programme de vols'!$E$521:$E$560,'Programme de vols'!$C$521:$C$560,"CDGDZA",'Programme de vols'!$D$521:$D$560,"A320",'Programme de vols'!$B$521:$B$560,">="&$J$85,'Programme de vols'!$B$521:$B$560,"<="&$K$85) -> 0 | J99: =SUMPRODUCT($C$86:$I$86,--(INDEX('Programme de vols'!$D$49:$J$513,279,0)<>""))+SUMIFS('Programme de vols'!$E$521:$E$560,'Programme de vols'!$C$521:$C$560,"CDGDZA",'Programme de vols'!$D$521:$D$560,"A320",'Programme de vols'!$B$521:$B$560,">="&$J$86,'Programme de vols'!$B$521:$B$560,"<="&$K$86) -> 0 | K99: =SUMPRODUCT($C$87:$I$87,--(INDEX('Programme de vols'!$D$49:$J$513,318,0)<>""))+SUMIFS('Programme de vols'!$E$521:$E$560,'Programme de vols'!$C$521:$C$560,"CDGDZA",'Programme de vols'!$D$521:$D$560,"A320",'Programme de vols'!$B$521:$B$560,">="&$J$87,'Programme de vols'!$B$521:$B$560,"<="&$K$87) -> 0 | L99: =SUMPRODUCT($C$88:$I$88,--(INDEX('Programme de vols'!$D$49:$J$513,357,0)<>""))+SUMIFS('Programme de vols'!$E$521:$E$560,'Programme de vols'!$C$521:$C$560,"CDGDZA",'Programme de vols'!$D$521:$D$560,"A320",'Programme de vols'!$B$521:$B$560,">="&$J$88,'Programme de vols'!$B$521:$B$560,"<="&$K$88) -> 0 | M99: =SUMPRODUCT($C$89:$I$89,--(INDEX('Programme de vols'!$D$49:$J$513,396,0)<>""))+SUMIFS('Programme de vols'!$E$521:$E$560,'Programme de vols'!$C$521:$C$560,"CDGDZA",'Programme de vols'!$D$521:$D$560,"A320",'Programme de vols'!$B$521:$B$560,">="&$J$89,'Programme de vols'!$B$521:$B$560,"<="&$K$89) -> 0 | N99: =SUMPRODUCT($C$90:$I$90,--(INDEX('Programme de vols'!$D$49:$J$513,435,0)<>""))+SUMIFS('Programme de vols'!$E$521:$E$560,'Programme de vols'!$C$521:$C$560,"CDGDZA",'Programme de vols'!$D$521:$D$560,"A320",'Programme de vols'!$B$521:$B$560,">="&$J$90,'Programme de vols'!$B$521:$B$560,"<="&$K$90) -> 0 | O99: CDGDZA | P99: A320
B100: BKKRUN - 77W | C100: =SUMPRODUCT($C$79:$I$79,--(INDEX('Programme de vols'!$D$49:$J$513,7,0)<>""))+SUMIFS('Programme de vols'!$E$521:$E$560,'Programme de vols'!$C$521:$C$560,"BKKRUN",'Programme de vols'!$D$521:$D$560,"77W",'Programme de vols'!$B$521:$B$560,">="&$J$79,'Programme de vols'!$B$521:$B$560,"<="&$K$79) -> 0 | D100: =SUMPRODUCT($C$80:$I$80,--(INDEX('Programme de vols'!$D$49:$J$513,46,0)<>""))+SUMIFS('Programme de vols'!$E$521:$E$560,'Programme de vols'!$C$521:$C$560,"BKKRUN",'Programme de vols'!$D$521:$D$560,"77W",'Programme de vols'!$B$521:$B$560,">="&$J$80,'Programme de vols'!$B$521:$B$560,"<="&$K$80) -> 0 | E100: =SUMPRODUCT($C$81:$I$81,--(INDEX('Programme de vols'!$D$49:$J$513,85,0)<>""))+SUMIFS('Programme de vols'!$E$521:$E$560,'Programme de vols'!$C$521:$C$560,"BKKRUN",'Programme de vols'!$D$521:$D$560,"77W",'Programme de vols'!$B$521:$B$560,">="&$J$81,'Programme de vols'!$B$521:$B$560,"<="&$K$81) -> 0 | F100: =SUMPRODUCT($C$82:$I$82,--(INDEX('Programme de vols'!$D$49:$J$513,124,0)<>""))+SUMIFS('Programme de vols'!$E$521:$E$560,'Programme de vols'!$C$521:$C$560,"BKKRUN",'Programme de vols'!$D$521:$D$560,"77W",'Programme de vols'!$B$521:$B$560,">="&$J$82,'Programme de vols'!$B$521:$B$560,"<="&$K$82) -> 0 | G100: =SUMPRODUCT($C$83:$I$83,--(INDEX('Programme de vols'!$D$49:$J$513,163,0)<>""))+SUMIFS('Programme de vols'!$E$521:$E$560,'Programme de vols'!$C$521:$C$560,"BKKRUN",'Programme de vols'!$D$521:$D$560,"77W",'Programme de vols'!$B$521:$B$560,">="&$J$83,'Programme de vols'!$B$521:$B$560,"<="&$K$83) -> 0 | H100: =SUMPRODUCT($C$84:$I$84,--(INDEX('Programme de vols'!$D$49:$J$513,202,0)<>""))+SUMIFS('Programme de vols'!$E$521:$E$560,'Programme de vols'!$C$521:$C$560,"BKKRUN",'Programme de vols'!$D$521:$D$560,"77W",'Programme de vols'!$B$521:$B$560,">="&$J$84,'Programme de vols'!$B$521:$B$560,"<="&$K$84) -> 0 | I100: =SUMPRODUCT($C$85:$I$85,--(INDEX('Programme de vols'!$D$49:$J$513,241,0)<>""))+SUMIFS('Programme de vols'!$E$521:$E$560,'Programme de vols'!$C$521:$C$560,"BKKRUN",'Programme de vols'!$D$521:$D$560,"77W",'Programme de vols'!$B$521:$B$560,">="&$J$85,'Programme de vols'!$B$521:$B$560,"<="&$K$85) -> 0 | J100: =SUMPRODUCT($C$86:$I$86,--(INDEX('Programme de vols'!$D$49:$J$513,280,0)<>""))+SUMIFS('Programme de vols'!$E$521:$E$560,'Programme de vols'!$C$521:$C$560,"BKKRUN",'Programme de vols'!$D$521:$D$560,"77W",'Programme de vols'!$B$521:$B$560,">="&$J$86,'Programme de vols'!$B$521:$B$560,"<="&$K$86) -> 0 | K100: =SUMPRODUCT($C$87:$I$87,--(INDEX('Programme de vols'!$D$49:$J$513,319,0)<>""))+SUMIFS('Programme de vols'!$E$521:$E$560,'Programme de vols'!$C$521:$C$560,"BKKRUN",'Programme de vols'!$D$521:$D$560,"77W",'Programme de vols'!$B$521:$B$560,">="&$J$87,'Programme de vols'!$B$521:$B$560,"<="&$K$87) -> 0 | L100: =SUMPRODUCT($C$88:$I$88,--(INDEX('Programme de vols'!$D$49:$J$513,358,0)<>""))+SUMIFS('Programme de vols'!$E$521:$E$560,'Programme de vols'!$C$521:$C$560,"BKKRUN",'Programme de vols'!$D$521:$D$560,"77W",'Programme de vols'!$B$521:$B$560,">="&$J$88,'Programme de vols'!$B$521:$B$560,"<="&$K$88) -> 0 | M100: =SUMPRODUCT($C$89:$I$89,--(INDEX('Programme de vols'!$D$49:$J$513,397,0)<>""))+SUMIFS('Programme de vols'!$E$521:$E$560,'Programme de vols'!$C$521:$C$560,"BKKRUN",'Programme de vols'!$D$521:$D$560,"77W",'Programme de vols'!$B$521:$B$560,">="&$J$89,'Programme de vols'!$B$521:$B$560,"<="&$K$89) -> 0 | N100: =SUMPRODUCT($C$90:$I$90,--(INDEX('Programme de vols'!$D$49:$J$513,436,0)<>""))+SUMIFS('Programme de vols'!$E$521:$E$560,'Programme de vols'!$C$521:$C$560,"BKKRUN",'Programme de vols'!$D$521:$D$560,"77W",'Programme de vols'!$B$521:$B$560,">="&$J$90,'Programme de vols'!$B$521:$B$560,"<="&$K$90) -> 0 | O100: BKKRUN | P100: 77W
B101: BKKRUN - 778 | C101: =SUMPRODUCT($C$79:$I$79,--(INDEX('Programme de vols'!$D$49:$J$513,8,0)<>""))+SUMIFS('Programme de vols'!$E$521:$E$560,'Programme de vols'!$C$521:$C$560,"BKKRUN",'Programme de vols'!$D$521:$D$560,"778",'Programme de vols'!$B$521:$B$560,">="&$J$79,'Programme de vols'!$B$521:$B$560,"<="&$K$79) -> 8 | D101: =SUMPRODUCT($C$80:$I$80,--(INDEX('Programme de vols'!$D$49:$J$513,47,0)<>""))+SUMIFS('Programme de vols'!$E$521:$E$560,'Programme de vols'!$C$521:$C$560,"BKKRUN",'Programme de vols'!$D$521:$D$560,"778",'Programme de vols'!$B$521:$B$560,">="&$J$80,'Programme de vols'!$B$521:$B$560,"<="&$K$80) -> 9 | E101: =SUMPRODUCT($C$81:$I$81,--(INDEX('Programme de vols'!$D$49:$J$513,86,0)<>""))+SUMIFS('Programme de vols'!$E$521:$E$560,'Programme de vols'!$C$521:$C$560,"BKKRUN",'Programme de vols'!$D$521:$D$560,"778",'Programme de vols'!$B$521:$B$560,">="&$J$81,'Programme de vols'!$B$521:$B$560,"<="&$K$81) -> 9 | F101: =SUMPRODUCT($C$82:$I$82,--(INDEX('Programme de vols'!$D$49:$J$513,125,0)<>""))+SUMIFS('Programme de vols'!$E$521:$E$560,'Programme de vols'!$C$521:$C$560,"BKKRUN",'Programme de vols'!$D$521:$D$560,"778",'Programme de vols'!$B$521:$B$560,">="&$J$82,'Programme de vols'!$B$521:$B$560,"<="&$K$82) -> 9 | G101: =SUMPRODUCT($C$83:$I$83,--(INDEX('Programme de vols'!$D$49:$J$513,164,0)<>""))+SUMIFS('Programme de vols'!$E$521:$E$560,'Programme de vols'!$C$521:$C$560,"BKKRUN",'Programme de vols'!$D$521:$D$560,"778",'Programme de vols'!$B$521:$B$560,">="&$J$83,'Programme de vols'!$B$521:$B$560,"<="&$K$83) -> 8 | H101: =SUMPRODUCT($C$84:$I$84,--(INDEX('Programme de vols'!$D$49:$J$513,203,0)<>""))+SUMIFS('Programme de vols'!$E$521:$E$560,'Programme de vols'!$C$521:$C$560,"BKKRUN",'Programme de vols'!$D$521:$D$560,"778",'Programme de vols'!$B$521:$B$560,">="&$J$84,'Programme de vols'!$B$521:$B$560,"<="&$K$84) -> 9 | I101: =SUMPRODUCT($C$85:$I$85,--(INDEX('Programme de vols'!$D$49:$J$513,242,0)<>""))+SUMIFS('Programme de vols'!$E$521:$E$560,'Programme de vols'!$C$521:$C$560,"BKKRUN",'Programme de vols'!$D$521:$D$560,"778",'Programme de vols'!$B$521:$B$560,">="&$J$85,'Programme de vols'!$B$521:$B$560,"<="&$K$85) -> 9 | J101: =SUMPRODUCT($C$86:$I$86,--(INDEX('Programme de vols'!$D$49:$J$513,281,0)<>""))+SUMIFS('Programme de vols'!$E$521:$E$560,'Programme de vols'!$C$521:$C$560,"BKKRUN",'Programme de vols'!$D$521:$D$560,"778",'Programme de vols'!$B$521:$B$560,">="&$J$86,'Programme de vols'!$B$521:$B$560,"<="&$K$86) -> 8 | K101: =SUMPRODUCT($C$87:$I$87,--(INDEX('Programme de vols'!$D$49:$J$513,320,0)<>""))+SUMIFS('Programme de vols'!$E$521:$E$560,'Programme de vols'!$C$521:$C$560,"BKKRUN",'Programme de vols'!$D$521:$D$560,"778",'Programme de vols'!$B$521:$B$560,">="&$J$87,'Programme de vols'!$B$521:$B$560,"<="&$K$87) -> 9 | L101: =SUMPRODUCT($C$88:$I$88,--(INDEX('Programme de vols'!$D$49:$J$513,359,0)<>""))+SUMIFS('Programme de vols'!$E$521:$E$560,'Programme de vols'!$C$521:$C$560,"BKKRUN",'Programme de vols'!$D$521:$D$560,"778",'Programme de vols'!$B$521:$B$560,">="&$J$88,'Programme de vols'!$B$521:$B$560,"<="&$K$88) -> 9 | M101: =SUMPRODUCT($C$89:$I$89,--(INDEX('Programme de vols'!$D$49:$J$513,398,0)<>""))+SUMIFS('Programme de vols'!$E$521:$E$560,'Programme de vols'!$C$521:$C$560,"BKKRUN",'Programme de vols'!$D$521:$D$560,"778",'Programme de vols'!$B$521:$B$560,">="&$J$89,'Programme de vols'!$B$521:$B$560,"<="&$K$89) -> 8 | N101: =SUMPRODUCT($C$90:$I$90,--(INDEX('Programme de vols'!$D$49:$J$513,437,0)<>""))+SUMIFS('Programme de vols'!$E$521:$E$560,'Programme de vols'!$C$521:$C$560,"BKKRUN",'Programme de vols'!$D$521:$D$560,"778",'Programme de vols'!$B$521:$B$560,">="&$J$90,'Programme de vols'!$B$521:$B$560,"<="&$K$90) -> 9 | O101: BKKRUN | P101: 778
B102: BKKRUN - A320 | C102: =SUMPRODUCT($C$79:$I$79,--(INDEX('Programme de vols'!$D$49:$J$513,9,0)<>""))+SUMIFS('Programme de vols'!$E$521:$E$560,'Programme de vols'!$C$521:$C$560,"BKKRUN",'Programme de vols'!$D$521:$D$560,"A320",'Programme de vols'!$B$521:$B$560,">="&$J$79,'Programme de vols'!$B$521:$B$560,"<="&$K$79) -> 0 | D102: =SUMPRODUCT($C$80:$I$80,--(INDEX('Programme de vols'!$D$49:$J$513,48,0)<>""))+SUMIFS('Programme de vols'!$E$521:$E$560,'Programme de vols'!$C$521:$C$560,"BKKRUN",'Programme de vols'!$D$521:$D$560,"A320",'Programme de vols'!$B$521:$B$560,">="&$J$80,'Programme de vols'!$B$521:$B$560,"<="&$K$80) -> 0 | E102: =SUMPRODUCT($C$81:$I$81,--(INDEX('Programme de vols'!$D$49:$J$513,87,0)<>""))+SUMIFS('Programme de vols'!$E$521:$E$560,'Programme de vols'!$C$521:$C$560,"BKKRUN",'Programme de vols'!$D$521:$D$560,"A320",'Programme de vols'!$B$521:$B$560,">="&$J$81,'Programme de vols'!$B$521:$B$560,"<="&$K$81) -> 0 | F102: =SUMPRODUCT($C$82:$I$82,--(INDEX('Programme de vols'!$D$49:$J$513,126,0)<>""))+SUMIFS('Programme de vols'!$E$521:$E$560,'Programme de vols'!$C$521:$C$560,"BKKRUN",'Programme de vols'!$D$521:$D$560,"A320",'Programme de vols'!$B$521:$B$560,">="&$J$82,'Programme de vols'!$B$521:$B$560,"<="&$K$82) -> 0 | G102: =SUMPRODUCT($C$83:$I$83,--(INDEX('Programme de vols'!$D$49:$J$513,165,0)<>""))+SUMIFS('Programme de vols'!$E$521:$E$560,'Programme de vols'!$C$521:$C$560,"BKKRUN",'Programme de vols'!$D$521:$D$560,"A320",'Programme de vols'!$B$521:$B$560,">="&$J$83,'Programme de vols'!$B$521:$B$560,"<="&$K$83) -> 0 | H102: =SUMPRODUCT($C$84:$I$84,--(INDEX('Programme de vols'!$D$49:$J$513,204,0)<>""))+SUMIFS('Programme de vols'!$E$521:$E$560,'Programme de vols'!$C$521:$C$560,"BKKRUN",'Programme de vols'!$D$521:$D$560,"A320",'Programme de vols'!$B$521:$B$560,">="&$J$84,'Programme de vols'!$B$521:$B$560,"<="&$K$84) -> 0 | I102: =SUMPRODUCT($C$85:$I$85,--(INDEX('Programme de vols'!$D$49:$J$513,243,0)<>""))+SUMIFS('Programme de vols'!$E$521:$E$560,'Programme de vols'!$C$521:$C$560,"BKKRUN",'Programme de vols'!$D$521:$D$560,"A320",'Programme de vols'!$B$521:$B$560,">="&$J$85,'Programme de vols'!$B$521:$B$560,"<="&$K$85) -> 0 | J102: =SUMPRODUCT($C$86:$I$86,--(INDEX('Programme de vols'!$D$49:$J$513,282,0)<>""))+SUMIFS('Programme de vols'!$E$521:$E$560,'Programme de vols'!$C$521:$C$560,"BKKRUN",'Programme de vols'!$D$521:$D$560,"A320",'Programme de vols'!$B$521:$B$560,">="&$J$86,'Programme de vols'!$B$521:$B$560,"<="&$K$86) -> 0 | K102: =SUMPRODUCT($C$87:$I$87,--(INDEX('Programme de vols'!$D$49:$J$513,321,0)<>""))+SUMIFS('Programme de vols'!$E$521:$E$560,'Programme de vols'!$C$521:$C$560,"BKKRUN",'Programme de vols'!$D$521:$D$560,"A320",'Programme de vols'!$B$521:$B$560,">="&$J$87,'Programme de vols'!$B$521:$B$560,"<="&$K$87) -> 0 | L102: =SUMPRODUCT($C$88:$I$88,--(INDEX('Programme de vols'!$D$49:$J$513,360,0)<>""))+SUMIFS('Programme de vols'!$E$521:$E$560,'Programme de vols'!$C$521:$C$560,"BKKRUN",'Programme de vols'!$D$521:$D$560,"A320",'Programme de vols'!$B$521:$B$560,">="&$J$88,'Programme de vols'!$B$521:$B$560,"<="&$K$88) -> 0 | M102: =SUMPRODUCT($C$89:$I$89,--(INDEX('Programme de vols'!$D$49:$J$513,399,0)<>""))+SUMIFS('Programme de vols'!$E$521:$E$560,'Programme de vols'!$C$521:$C$560,"BKKRUN",'Programme de vols'!$D$521:$D$560,"A320",'Programme de vols'!$B$521:$B$560,">="&$J$89,'Programme de vols'!$B$521:$B$560,"<="&$K$89) -> 0 | N102: =SUMPRODUCT($C$90:$I$90,--(INDEX('Programme de vols'!$D$49:$J$513,438,0)<>""))+SUMIFS('Programme de vols'!$E$521:$E$560,'Programme de vols'!$C$521:$C$560,"BKKRUN",'Programme de vols'!$D$521:$D$560,"A320",'Programme de vols'!$B$521:$B$560,">="&$J$90,'Programme de vols'!$B$521:$B$560,"<="&$K$90) -> 0 | O102: BKKRUN | P102: A320
B103: DZARUN - 77W | C103: =SUMPRODUCT($C$79:$I$79,--(INDEX('Programme de vols'!$D$49:$J$513,10,0)<>""))+SUMIFS('Programme de vols'!$E$521:$E$560,'Programme de vols'!$C$521:$C$560,"DZARUN",'Programme de vols'!$D$521:$D$560,"77W",'Programme de vols'!$B$521:$B$560,">="&$J$79,'Programme de vols'!$B$521:$B$560,"<="&$K$79) -> 0 | D103: =SUMPRODUCT($C$80:$I$80,--(INDEX('Programme de vols'!$D$49:$J$513,49,0)<>""))+SUMIFS('Programme de vols'!$E$521:$E$560,'Programme de vols'!$C$521:$C$560,"DZARUN",'Programme de vols'!$D$521:$D$560,"77W",'Programme de vols'!$B$521:$B$560,">="&$J$80,'Programme de vols'!$B$521:$B$560,"<="&$K$80) -> 0 | E103: =SUMPRODUCT($C$81:$I$81,--(INDEX('Programme de vols'!$D$49:$J$513,88,0)<>""))+SUMIFS('Programme de vols'!$E$521:$E$560,'Programme de vols'!$C$521:$C$560,"DZARUN",'Programme de vols'!$D$521:$D$560,"77W",'Programme de vols'!$B$521:$B$560,">="&$J$81,'Programme de vols'!$B$521:$B$560,"<="&$K$81) -> 0 | F103: =SUMPRODUCT($C$82:$I$82,--(INDEX('Programme de vols'!$D$49:$J$513,127,0)<>""))+SUMIFS('Programme de vols'!$E$521:$E$560,'Programme de vols'!$C$521:$C$560,"DZARUN",'Programme de vols'!$D$521:$D$560,"77W",'Programme de vols'!$B$521:$B$560,">="&$J$82,'Programme de vols'!$B$521:$B$560,"<="&$K$82) -> 0 | G103: =SUMPRODUCT($C$83:$I$83,--(INDEX('Programme de vols'!$D$49:$J$513,166,0)<>""))+SUMIFS('Programme de vols'!$E$521:$E$560,'Programme de vols'!$C$521:$C$560,"DZARUN",'Programme de vols'!$D$521:$D$560,"77W",'Programme de vols'!$B$521:$B$560,">="&$J$83,'Programme de vols'!$B$521:$B$560,"<="&$K$83) -> 0 | H103: =SUMPRODUCT($C$84:$I$84,--(INDEX('Programme de vols'!$D$49:$J$513,205,0)<>""))+SUMIFS('Programme de vols'!$E$521:$E$560,'Programme de vols'!$C$521:$C$560,"DZARUN",'Programme de vols'!$D$521:$D$560,"77W",'Programme de vols'!$B$521:$B$560,">="&$J$84,'Programme de vols'!$B$521:$B$560,"<="&$K$84) -> 0 | I103: =SUMPRODUCT($C$85:$I$85,--(INDEX('Programme de vols'!$D$49:$J$513,244,0)<>""))+SUMIFS('Programme de vols'!$E$521:$E$560,'Programme de vols'!$C$521:$C$560,"DZARUN",'Programme de vols'!$D$521:$D$560,"77W",'Programme de vols'!$B$521:$B$560,">="&$J$85,'Programme de vols'!$B$521:$B$560,"<="&$K$85) -> 0 | J103: =SUMPRODUCT($C$86:$I$86,--(INDEX('Programme de vols'!$D$49:$J$513,283,0)<>""))+SUMIFS('Programme de vols'!$E$521:$E$560,'Programme de vols'!$C$521:$C$560,"DZARUN",'Programme de vols'!$D$521:$D$560,"77W",'Programme de vols'!$B$521:$B$560,">="&$J$86,'Programme de vols'!$B$521:$B$560,"<="&$K$86) -> 0 | K103: =SUMPRODUCT($C$87:$I$87,--(INDEX('Programme de vols'!$D$49:$J$513,322,0)<>""))+SUMIFS('Programme de vols'!$E$521:$E$560,'Programme de vols'!$C$521:$C$560,"DZARUN",'Programme de vols'!$D$521:$D$560,"77W",'Programme de vols'!$B$521:$B$560,">="&$J$87,'Programme de vols'!$B$521:$B$560,"<="&$K$87) -> 0 | L103: =SUMPRODUCT($C$88:$I$88,--(INDEX('Programme de vols'!$D$49:$J$513,361,0)<>""))+SUMIFS('Programme de vols'!$E$521:$E$560,'Programme de vols'!$C$521:$C$560,"DZARUN",'Programme de vols'!$D$521:$D$560,"77W",'Programme de vols'!$B$521:$B$560,">="&$J$88,'Programme de vols'!$B$521:$B$560,"<="&$K$88) -> 0 | M103: =SUMPRODUCT($C$89:$I$89,--(INDEX('Programme de vols'!$D$49:$J$513,400,0)<>""))+SUMIFS('Programme de vols'!$E$521:$E$560,'Programme de vols'!$C$521:$C$560,"DZARUN",'Programme de vols'!$D$521:$D$560,"77W",'Programme de vols'!$B$521:$B$560,">="&$J$89,'Programme de vols'!$B$521:$B$560,"<="&$K$89) -> 0 | N103: =SUMPRODUCT($C$90:$I$90,--(INDEX('Programme de vols'!$D$49:$J$513,439,0)<>""))+SUMIFS('Programme de vols'!$E$521:$E$560,'Programme de vols'!$C$521:$C$560,"DZARUN",'Programme de vols'!$D$521:$D$560,"77W",'Programme de vols'!$B$521:$B$560,">="&$J$90,'Programme de vols'!$B$521:$B$560,"<="&$K$90) -> 0 | O103: DZARUN | P103: 77W
B104: DZARUN - 778 | C104: =SUMPRODUCT($C$79:$I$79,--(INDEX('Programme de vols'!$D$49:$J$513,11,0)<>""))+SUMIFS('Programme de vols'!$E$521:$E$560,'Programme de vols'!$C$521:$C$560,"DZARUN",'Programme de vols'!$D$521:$D$560,"778",'Programme de vols'!$B$521:$B$560,">="&$J$79,'Programme de vols'!$B$521:$B$560,"<="&$K$79) -> 4 | D104: =SUMPRODUCT($C$80:$I$80,--(INDEX('Programme de vols'!$D$49:$J$513,50,0)<>""))+SUMIFS('Programme de vols'!$E$521:$E$560,'Programme de vols'!$C$521:$C$560,"DZARUN",'Programme de vols'!$D$521:$D$560,"778",'Programme de vols'!$B$521:$B$560,">="&$J$80,'Programme de vols'!$B$521:$B$560,"<="&$K$80) -> 4 | E104: =SUMPRODUCT($C$81:$I$81,--(INDEX('Programme de vols'!$D$49:$J$513,89,0)<>""))+SUMIFS('Programme de vols'!$E$521:$E$560,'Programme de vols'!$C$521:$C$560,"DZARUN",'Programme de vols'!$D$521:$D$560,"778",'Programme de vols'!$B$521:$B$560,">="&$J$81,'Programme de vols'!$B$521:$B$560,"<="&$K$81) -> 5 | F104: =SUMPRODUCT($C$82:$I$82,--(INDEX('Programme de vols'!$D$49:$J$513,128,0)<>""))+SUMIFS('Programme de vols'!$E$521:$E$560,'Programme de vols'!$C$521:$C$560,"DZARUN",'Programme de vols'!$D$521:$D$560,"778",'Programme de vols'!$B$521:$B$560,">="&$J$82,'Programme de vols'!$B$521:$B$560,"<="&$K$82) -> 4 | G104: =SUMPRODUCT($C$83:$I$83,--(INDEX('Programme de vols'!$D$49:$J$513,167,0)<>""))+SUMIFS('Programme de vols'!$E$521:$E$560,'Programme de vols'!$C$521:$C$560,"DZARUN",'Programme de vols'!$D$521:$D$560,"778",'Programme de vols'!$B$521:$B$560,">="&$J$83,'Programme de vols'!$B$521:$B$560,"<="&$K$83) -> 4 | H104: =SUMPRODUCT($C$84:$I$84,--(INDEX('Programme de vols'!$D$49:$J$513,206,0)<>""))+SUMIFS('Programme de vols'!$E$521:$E$560,'Programme de vols'!$C$521:$C$560,"DZARUN",'Programme de vols'!$D$521:$D$560,"778",'Programme de vols'!$B$521:$B$560,">="&$J$84,'Programme de vols'!$B$521:$B$560,"<="&$K$84) -> 5 | I104: =SUMPRODUCT($C$85:$I$85,--(INDEX('Programme de vols'!$D$49:$J$513,245,0)<>""))+SUMIFS('Programme de vols'!$E$521:$E$560,'Programme de vols'!$C$521:$C$560,"DZARUN",'Programme de vols'!$D$521:$D$560,"778",'Programme de vols'!$B$521:$B$560,">="&$J$85,'Programme de vols'!$B$521:$B$560,"<="&$K$85) -> 4 | J104: =SUMPRODUCT($C$86:$I$86,--(INDEX('Programme de vols'!$D$49:$J$513,284,0)<>""))+SUMIFS('Programme de vols'!$E$521:$E$560,'Programme de vols'!$C$521:$C$560,"DZARUN",'Programme de vols'!$D$521:$D$560,"778",'Programme de vols'!$B$521:$B$560,">="&$J$86,'Programme de vols'!$B$521:$B$560,"<="&$K$86) -> 4 | K104: =SUMPRODUCT($C$87:$I$87,--(INDEX('Programme de vols'!$D$49:$J$513,323,0)<>""))+SUMIFS('Programme de vols'!$E$521:$E$560,'Programme de vols'!$C$521:$C$560,"DZARUN",'Programme de vols'!$D$521:$D$560,"778",'Programme de vols'!$B$521:$B$560,">="&$J$87,'Programme de vols'!$B$521:$B$560,"<="&$K$87) -> 5 | L104: =SUMPRODUCT($C$88:$I$88,--(INDEX('Programme de vols'!$D$49:$J$513,362,0)<>""))+SUMIFS('Programme de vols'!$E$521:$E$560,'Programme de vols'!$C$521:$C$560,"DZARUN",'Programme de vols'!$D$521:$D$560,"778",'Programme de vols'!$B$521:$B$560,">="&$J$88,'Programme de vols'!$B$521:$B$560,"<="&$K$88) -> 4 | M104: =SUMPRODUCT($C$89:$I$89,--(INDEX('Programme de vols'!$D$49:$J$513,401,0)<>""))+SUMIFS('Programme de vols'!$E$521:$E$560,'Programme de vols'!$C$521:$C$560,"DZARUN",'Programme de vols'!$D$521:$D$560,"778",'Programme de vols'!$B$521:$B$560,">="&$J$89,'Programme de vols'!$B$521:$B$560,"<="&$K$89) -> 4 | N104: =SUMPRODUCT($C$90:$I$90,--(INDEX('Programme de vols'!$D$49:$J$513,440,0)<>""))+SUMIFS('Programme de vols'!$E$521:$E$560,'Programme de vols'!$C$521:$C$560,"DZARUN",'Programme de vols'!$D$521:$D$560,"778",'Programme de vols'!$B$521:$B$560,">="&$J$90,'Programme de vols'!$B$521:$B$560,"<="&$K$90) -> 5 | O104: DZARUN | P104: 778
B105: DZARUN - A320 | C105: =SUMPRODUCT($C$79:$I$79,--(INDEX('Programme de vols'!$D$49:$J$513,12,0)<>""))+SUMIFS('Programme de vols'!$E$521:$E$560,'Programme de vols'!$C$521:$C$560,"DZARUN",'Programme de vols'!$D$521:$D$560,"A320",'Programme de vols'!$B$521:$B$560,">="&$J$79,'Programme de vols'!$B$521:$B$560,"<="&$K$79) -> 22 | D105: =SUMPRODUCT($C$80:$I$80,--(INDEX('Programme de vols'!$D$49:$J$513,51,0)<>""))+SUMIFS('Programme de vols'!$E$521:$E$560,'Programme de vols'!$C$521:$C$560,"DZARUN",'Programme de vols'!$D$521:$D$560,"A320",'Programme de vols'!$B$521:$B$560,">="&$J$80,'Programme de vols'!$B$521:$B$560,"<="&$K$80) -> 21 | E105: =SUMPRODUCT($C$81:$I$81,--(INDEX('Programme de vols'!$D$49:$J$513,90,0)<>""))+SUMIFS('Programme de vols'!$E$521:$E$560,'Programme de vols'!$C$521:$C$560,"DZARUN",'Programme de vols'!$D$521:$D$560,"A320",'Programme de vols'!$B$521:$B$560,">="&$J$81,'Programme de vols'!$B$521:$B$560,"<="&$K$81) -> 22 | F105: =SUMPRODUCT($C$82:$I$82,--(INDEX('Programme de vols'!$D$49:$J$513,129,0)<>""))+SUMIFS('Programme de vols'!$E$521:$E$560,'Programme de vols'!$C$521:$C$560,"DZARUN",'Programme de vols'!$D$521:$D$560,"A320",'Programme de vols'!$B$521:$B$560,">="&$J$82,'Programme de vols'!$B$521:$B$560,"<="&$K$82) -> 22 | G105: =SUMPRODUCT($C$83:$I$83,--(INDEX('Programme de vols'!$D$49:$J$513,168,0)<>""))+SUMIFS('Programme de vols'!$E$521:$E$560,'Programme de vols'!$C$521:$C$560,"DZARUN",'Programme de vols'!$D$521:$D$560,"A320",'Programme de vols'!$B$521:$B$560,">="&$J$83,'Programme de vols'!$B$521:$B$560,"<="&$K$83) -> 22 | H105: =SUMPRODUCT($C$84:$I$84,--(INDEX('Programme de vols'!$D$49:$J$513,207,0)<>""))+SUMIFS('Programme de vols'!$E$521:$E$560,'Programme de vols'!$C$521:$C$560,"DZARUN",'Programme de vols'!$D$521:$D$560,"A320",'Programme de vols'!$B$521:$B$560,">="&$J$84,'Programme de vols'!$B$521:$B$560,"<="&$K$84) -> 22 | I105: =SUMPRODUCT($C$85:$I$85,--(INDEX('Programme de vols'!$D$49:$J$513,246,0)<>""))+SUMIFS('Programme de vols'!$E$521:$E$560,'Programme de vols'!$C$521:$C$560,"DZARUN",'Programme de vols'!$D$521:$D$560,"A320",'Programme de vols'!$B$521:$B$560,">="&$J$85,'Programme de vols'!$B$521:$B$560,"<="&$K$85) -> 21 | J105: =SUMPRODUCT($C$86:$I$86,--(INDEX('Programme de vols'!$D$49:$J$513,285,0)<>""))+SUMIFS('Programme de vols'!$E$521:$E$560,'Programme de vols'!$C$521:$C$560,"DZARUN",'Programme de vols'!$D$521:$D$560,"A320",'Programme de vols'!$B$521:$B$560,">="&$J$86,'Programme de vols'!$B$521:$B$560,"<="&$K$86) -> 22 | K105: =SUMPRODUCT($C$87:$I$87,--(INDEX('Programme de vols'!$D$49:$J$513,324,0)<>""))+SUMIFS('Programme de vols'!$E$521:$E$560,'Programme de vols'!$C$521:$C$560,"DZARUN",'Programme de vols'!$D$521:$D$560,"A320",'Programme de vols'!$B$521:$B$560,">="&$J$87,'Programme de vols'!$B$521:$B$560,"<="&$K$87) -> 23 | L105: =SUMPRODUCT($C$88:$I$88,--(INDEX('Programme de vols'!$D$49:$J$513,363,0)<>""))+SUMIFS('Programme de vols'!$E$521:$E$560,'Programme de vols'!$C$521:$C$560,"DZARUN",'Programme de vols'!$D$521:$D$560,"A320",'Programme de vols'!$B$521:$B$560,">="&$J$88,'Programme de vols'!$B$521:$B$560,"<="&$K$88) -> 21 | M105: =SUMPRODUCT($C$89:$I$89,--(INDEX('Programme de vols'!$D$49:$J$513,402,0)<>""))+SUMIFS('Programme de vols'!$E$521:$E$560,'Programme de vols'!$C$521:$C$560,"DZARUN",'Programme de vols'!$D$521:$D$560,"A320",'Programme de vols'!$B$521:$B$560,">="&$J$89,'Programme de vols'!$B$521:$B$560,"<="&$K$89) -> 21 | N105: =SUMPRODUCT($C$90:$I$90,--(INDEX('Programme de vols'!$D$49:$J$513,441,0)<>""))+SUMIFS('Programme de vols'!$E$521:$E$560,'Programme de vols'!$C$521:$C$560,"DZARUN",'Programme de vols'!$D$521:$D$560,"A320",'Programme de vols'!$B$521:$B$560,">="&$J$90,'Programme de vols'!$B$521:$B$560,"<="&$K$90) -> 23 | O105: DZARUN | P105: A320
B106: MRURUN - 77W | C106: =SUMPRODUCT($C$79:$I$79,--(INDEX('Programme de vols'!$D$49:$J$513,13,0)<>""))+SUMIFS('Programme de vols'!$E$521:$E$560,'Programme de vols'!$C$521:$C$560,"MRURUN",'Programme de vols'!$D$521:$D$560,"77W",'Programme de vols'!$B$521:$B$560,">="&$J$79,'Programme de vols'!$B$521:$B$560,"<="&$K$79) -> 0 | D106: =SUMPRODUCT($C$80:$I$80,--(INDEX('Programme de vols'!$D$49:$J$513,52,0)<>""))+SUMIFS('Programme de vols'!$E$521:$E$560,'Programme de vols'!$C$521:$C$560,"MRURUN",'Programme de vols'!$D$521:$D$560,"77W",'Programme de vols'!$B$521:$B$560,">="&$J$80,'Programme de vols'!$B$521:$B$560,"<="&$K$80) -> 0 | E106: =SUMPRODUCT($C$81:$I$81,--(INDEX('Programme de vols'!$D$49:$J$513,91,0)<>""))+SUMIFS('Programme de vols'!$E$521:$E$560,'Programme de vols'!$C$521:$C$560,"MRURUN",'Programme de vols'!$D$521:$D$560,"77W",'Programme de vols'!$B$521:$B$560,">="&$J$81,'Programme de vols'!$B$521:$B$560,"<="&$K$81) -> 0 | F106: =SUMPRODUCT($C$82:$I$82,--(INDEX('Programme de vols'!$D$49:$J$513,130,0)<>""))+SUMIFS('Programme de vols'!$E$521:$E$560,'Programme de vols'!$C$521:$C$560,"MRURUN",'Programme de vols'!$D$521:$D$560,"77W",'Programme de vols'!$B$521:$B$560,">="&$J$82,'Programme de vols'!$B$521:$B$560,"<="&$K$82) -> 0 | G106: =SUMPRODUCT($C$83:$I$83,--(INDEX('Programme de vols'!$D$49:$J$513,169,0)<>""))+SUMIFS('Programme de vols'!$E$521:$E$560,'Programme de vols'!$C$521:$C$560,"MRURUN",'Programme de vols'!$D$521:$D$560,"77W",'Programme de vols'!$B$521:$B$560,">="&$J$83,'Programme de vols'!$B$521:$B$560,"<="&$K$83) -> 0 | H106: =SUMPRODUCT($C$84:$I$84,--(INDEX('Programme de vols'!$D$49:$J$513,208,0)<>""))+SUMIFS('Programme de vols'!$E$521:$E$560,'Programme de vols'!$C$521:$C$560,"MRURUN",'Programme de vols'!$D$521:$D$560,"77W",'Programme de vols'!$B$521:$B$560,">="&$J$84,'Programme de vols'!$B$521:$B$560,"<="&$K$84) -> 0 | I106: =SUMPRODUCT($C$85:$I$85,--(INDEX('Programme de vols'!$D$49:$J$513,247,0)<>""))+SUMIFS('Programme de vols'!$E$521:$E$560,'Programme de vols'!$C$521:$C$560,"MRURUN",'Programme de vols'!$D$521:$D$560,"77W",'Programme de vols'!$B$521:$B$560,">="&$J$85,'Programme de vols'!$B$521:$B$560,"<="&$K$85) -> 0 | J106: =SUMPRODUCT($C$86:$I$86,--(INDEX('Programme de vols'!$D$49:$J$513,286,0)<>""))+SUMIFS('Programme de vols'!$E$521:$E$560,'Programme de vols'!$C$521:$C$560,"MRURUN",'Programme de vols'!$D$521:$D$560,"77W",'Programme de vols'!$B$521:$B$560,">="&$J$86,'Programme de vols'!$B$521:$B$560,"<="&$K$86) -> 0 | K106: =SUMPRODUCT($C$87:$I$87,--(INDEX('Programme de vols'!$D$49:$J$513,325,0)<>""))+SUMIFS('Programme de vols'!$E$521:$E$560,'Programme de vols'!$C$521:$C$560,"MRURUN",'Programme de vols'!$D$521:$D$560,"77W",'Programme de vols'!$B$521:$B$560,">="&$J$87,'Programme de vols'!$B$521:$B$560,"<="&$K$87) -> 0 | L106: =SUMPRODUCT($C$88:$I$88,--(INDEX('Programme de vols'!$D$49:$J$513,364,0)<>""))+SUMIFS('Programme de vols'!$E$521:$E$560,'Programme de vols'!$C$521:$C$560,"MRURUN",'Programme de vols'!$D$521:$D$560,"77W",'Programme de vols'!$B$521:$B$560,">="&$J$88,'Programme de vols'!$B$521:$B$560,"<="&$K$88) -> 0 | M106: =SUMPRODUCT($C$89:$I$89,--(INDEX('Programme de vols'!$D$49:$J$513,403,0)<>""))+SUMIFS('Programme de vols'!$E$521:$E$560,'Programme de vols'!$C$521:$C$560,"MRURUN",'Programme de vols'!$D$521:$D$560,"77W",'Programme de vols'!$B$521:$B$560,">="&$J$89,'Programme de vols'!$B$521:$B$560,"<="&$K$89) -> 0 | N106: =SUMPRODUCT($C$90:$I$90,--(INDEX('Programme de vols'!$D$49:$J$513,442,0)<>""))+SUMIFS('Programme de vols'!$E$521:$E$560,'Programme de vols'!$C$521:$C$560,"MRURUN",'Programme de vols'!$D$521:$D$560,"77W",'Programme de vols'!$B$521:$B$560,">="&$J$90,'Programme de vols'!$B$521:$B$560,"<="&$K$90) -> 0 | O106: MRURUN | P106: 77W
B107: MRURUN - 778 | C107: =SUMPRODUCT($C$79:$I$79,--(INDEX('Programme de vols'!$D$49:$J$513,14,0)<>""))+SUMIFS('Programme de vols'!$E$521:$E$560,'Programme de vols'!$C$521:$C$560,"MRURUN",'Programme de vols'!$D$521:$D$560,"778",'Programme de vols'!$B$521:$B$560,">="&$J$79,'Programme de vols'!$B$521:$B$560,"<="&$K$79) -> 0 | D107: =SUMPRODUCT($C$80:$I$80,--(INDEX('Programme de vols'!$D$49:$J$513,53,0)<>""))+SUMIFS('Programme de vols'!$E$521:$E$560,'Programme de vols'!$C$521:$C$560,"MRURUN",'Programme de vols'!$D$521:$D$560,"778",'Programme de vols'!$B$521:$B$560,">="&$J$80,'Programme de vols'!$B$521:$B$560,"<="&$K$80) -> 0 | E107: =SUMPRODUCT($C$81:$I$81,--(INDEX('Programme de vols'!$D$49:$J$513,92,0)<>""))+SUMIFS('Programme de vols'!$E$521:$E$560,'Programme de vols'!$C$521:$C$560,"MRURUN",'Programme de vols'!$D$521:$D$560,"778",'Programme de vols'!$B$521:$B$560,">="&$J$81,'Programme de vols'!$B$521:$B$560,"<="&$K$81) -> 0 | F107: =SUMPRODUCT($C$82:$I$82,--(INDEX('Programme de vols'!$D$49:$J$513,131,0)<>""))+SUMIFS('Programme de vols'!$E$521:$E$560,'Programme de vols'!$C$521:$C$560,"MRURUN",'Programme de vols'!$D$521:$D$560,"778",'Programme de vols'!$B$521:$B$560,">="&$J$82,'Programme de vols'!$B$521:$B$560,"<="&$K$82) -> 0 | G107: =SUMPRODUCT($C$83:$I$83,--(INDEX('Programme de vols'!$D$49:$J$513,170,0)<>""))+SUMIFS('Programme de vols'!$E$521:$E$560,'Programme de vols'!$C$521:$C$560,"MRURUN",'Programme de vols'!$D$521:$D$560,"778",'Programme de vols'!$B$521:$B$560,">="&$J$83,'Programme de vols'!$B$521:$B$560,"<="&$K$83) -> 0 | H107: =SUMPRODUCT($C$84:$I$84,--(INDEX('Programme de vols'!$D$49:$J$513,209,0)<>""))+SUMIFS('Programme de vols'!$E$521:$E$560,'Programme de vols'!$C$521:$C$560,"MRURUN",'Programme de vols'!$D$521:$D$560,"778",'Programme de vols'!$B$521:$B$560,">="&$J$84,'Programme de vols'!$B$521:$B$560,"<="&$K$84) -> 0 | I107: =SUMPRODUCT($C$85:$I$85,--(INDEX('Programme de vols'!$D$49:$J$513,248,0)<>""))+SUMIFS('Programme de vols'!$E$521:$E$560,'Programme de vols'!$C$521:$C$560,"MRURUN",'Programme de vols'!$D$521:$D$560,"778",'Programme de vols'!$B$521:$B$560,">="&$J$85,'Programme de vols'!$B$521:$B$560,"<="&$K$85) -> 0 | J107: =SUMPRODUCT($C$86:$I$86,--(INDEX('Programme de vols'!$D$49:$J$513,287,0)<>""))+SUMIFS('Programme de vols'!$E$521:$E$560,'Programme de vols'!$C$521:$C$560,"MRURUN",'Programme de vols'!$D$521:$D$560,"778",'Programme de vols'!$B$521:$B$560,">="&$J$86,'Programme de vols'!$B$521:$B$560,"<="&$K$86) -> 0 | K107: =SUMPRODUCT($C$87:$I$87,--(INDEX('Programme de vols'!$D$49:$J$513,326,0)<>""))+SUMIFS('Programme de vols'!$E$521:$E$560,'Programme de vols'!$C$521:$C$560,"MRURUN",'Programme de vols'!$D$521:$D$560,"778",'Programme de vols'!$B$521:$B$560,">="&$J$87,'Programme de vols'!$B$521:$B$560,"<="&$K$87) -> 0 | L107: =SUMPRODUCT($C$88:$I$88,--(INDEX('Programme de vols'!$D$49:$J$513,365,0)<>""))+SUMIFS('Programme de vols'!$E$521:$E$560,'Programme de vols'!$C$521:$C$560,"MRURUN",'Programme de vols'!$D$521:$D$560,"778",'Programme de vols'!$B$521:$B$560,">="&$J$88,'Programme de vols'!$B$521:$B$560,"<="&$K$88) -> 0 | M107: =SUMPRODUCT($C$89:$I$89,--(INDEX('Programme de vols'!$D$49:$J$513,404,0)<>""))+SUMIFS('Programme de vols'!$E$521:$E$560,'Programme de vols'!$C$521:$C$560,"MRURUN",'Programme de vols'!$D$521:$D$560,"778",'Programme de vols'!$B$521:$B$560,">="&$J$89,'Programme de vols'!$B$521:$B$560,"<="&$K$89) -> 0 | N107: =SUMPRODUCT($C$90:$I$90,--(INDEX('Programme de vols'!$D$49:$J$513,443,0)<>""))+SUMIFS('Programme de vols'!$E$521:$E$560,'Programme de vols'!$C$521:$C$560,"MRURUN",'Programme de vols'!$D$521:$D$560,"778",'Programme de vols'!$B$521:$B$560,">="&$J$90,'Programme de vols'!$B$521:$B$560,"<="&$K$90) -> 0 | O107: MRURUN | P107: 778
B108: MRURUN - A320 | C108: =SUMPRODUCT($C$79:$I$79,--(INDEX('Programme de vols'!$D$49:$J$513,15,0)<>""))+SUMIFS('Programme de vols'!$E$521:$E$560,'Programme de vols'!$C$521:$C$560,"MRURUN",'Programme de vols'!$D$521:$D$560,"A320",'Programme de vols'!$B$521:$B$560,">="&$J$79,'Programme de vols'!$B$521:$B$560,"<="&$K$79) -> 17 | D108: =SUMPRODUCT($C$80:$I$80,--(INDEX('Programme de vols'!$D$49:$J$513,54,0)<>""))+SUMIFS('Programme de vols'!$E$521:$E$560,'Programme de vols'!$C$521:$C$560,"MRURUN",'Programme de vols'!$D$521:$D$560,"A320",'Programme de vols'!$B$521:$B$560,">="&$J$80,'Programme de vols'!$B$521:$B$560,"<="&$K$80) -> 18 | E108: =SUMPRODUCT($C$81:$I$81,--(INDEX('Programme de vols'!$D$49:$J$513,93,0)<>""))+SUMIFS('Programme de vols'!$E$521:$E$560,'Programme de vols'!$C$521:$C$560,"MRURUN",'Programme de vols'!$D$521:$D$560,"A320",'Programme de vols'!$B$521:$B$560,">="&$J$81,'Programme de vols'!$B$521:$B$560,"<="&$K$81) -> 17 | F108: =SUMPRODUCT($C$82:$I$82,--(INDEX('Programme de vols'!$D$49:$J$513,132,0)<>""))+SUMIFS('Programme de vols'!$E$521:$E$560,'Programme de vols'!$C$521:$C$560,"MRURUN",'Programme de vols'!$D$521:$D$560,"A320",'Programme de vols'!$B$521:$B$560,">="&$J$82,'Programme de vols'!$B$521:$B$560,"<="&$K$82) -> 17 | G108: =SUMPRODUCT($C$83:$I$83,--(INDEX('Programme de vols'!$D$49:$J$513,171,0)<>""))+SUMIFS('Programme de vols'!$E$521:$E$560,'Programme de vols'!$C$521:$C$560,"MRURUN",'Programme de vols'!$D$521:$D$560,"A320",'Programme de vols'!$B$521:$B$560,">="&$J$83,'Programme de vols'!$B$521:$B$560,"<="&$K$83) -> 18 | H108: =SUMPRODUCT($C$84:$I$84,--(INDEX('Programme de vols'!$D$49:$J$513,210,0)<>""))+SUMIFS('Programme de vols'!$E$521:$E$560,'Programme de vols'!$C$521:$C$560,"MRURUN",'Programme de vols'!$D$521:$D$560,"A320",'Programme de vols'!$B$521:$B$560,">="&$J$84,'Programme de vols'!$B$521:$B$560,"<="&$K$84) -> 17 | I108: =SUMPRODUCT($C$85:$I$85,--(INDEX('Programme de vols'!$D$49:$J$513,249,0)<>""))+SUMIFS('Programme de vols'!$E$521:$E$560,'Programme de vols'!$C$521:$C$560,"MRURUN",'Programme de vols'!$D$521:$D$560,"A320",'Programme de vols'!$B$521:$B$560,">="&$J$85,'Programme de vols'!$B$521:$B$560,"<="&$K$85) -> 18 | J108: =SUMPRODUCT($C$86:$I$86,--(INDEX('Programme de vols'!$D$49:$J$513,288,0)<>""))+SUMIFS('Programme de vols'!$E$521:$E$560,'Programme de vols'!$C$521:$C$560,"MRURUN",'Programme de vols'!$D$521:$D$560,"A320",'Programme de vols'!$B$521:$B$560,">="&$J$86,'Programme de vols'!$B$521:$B$560,"<="&$K$86) -> 17 | K108: =SUMPRODUCT($C$87:$I$87,--(INDEX('Programme de vols'!$D$49:$J$513,327,0)<>""))+SUMIFS('Programme de vols'!$E$521:$E$560,'Programme de vols'!$C$521:$C$560,"MRURUN",'Programme de vols'!$D$521:$D$560,"A320",'Programme de vols'!$B$521:$B$560,">="&$J$87,'Programme de vols'!$B$521:$B$560,"<="&$K$87) -> 18 | L108: =SUMPRODUCT($C$88:$I$88,--(INDEX('Programme de vols'!$D$49:$J$513,366,0)<>""))+SUMIFS('Programme de vols'!$E$521:$E$560,'Programme de vols'!$C$521:$C$560,"MRURUN",'Programme de vols'!$D$521:$D$560,"A320",'Programme de vols'!$B$521:$B$560,">="&$J$88,'Programme de vols'!$B$521:$B$560,"<="&$K$88) -> 18 | M108: =SUMPRODUCT($C$89:$I$89,--(INDEX('Programme de vols'!$D$49:$J$513,405,0)<>""))+SUMIFS('Programme de vols'!$E$521:$E$560,'Programme de vols'!$C$521:$C$560,"MRURUN",'Programme de vols'!$D$521:$D$560,"A320",'Programme de vols'!$B$521:$B$560,">="&$J$89,'Programme de vols'!$B$521:$B$560,"<="&$K$89) -> 16 | N108: =SUMPRODUCT($C$90:$I$90,--(INDEX('Programme de vols'!$D$49:$J$513,444,0)<>""))+SUMIFS('Programme de vols'!$E$521:$E$560,'Programme de vols'!$C$521:$C$560,"MRURUN",'Programme de vols'!$D$521:$D$560,"A320",'Programme de vols'!$B$521:$B$560,">="&$J$90,'Programme de vols'!$B$521:$B$560,"<="&$K$90) -> 18 | O108: MRURUN | P108: A320
B109: NOSRUN - 77W | C109: =SUMPRODUCT($C$79:$I$79,--(INDEX('Programme de vols'!$D$49:$J$513,16,0)<>""))+SUMIFS('Programme de vols'!$E$521:$E$560,'Programme de vols'!$C$521:$C$560,"NOSRUN",'Programme de vols'!$D$521:$D$560,"77W",'Programme de vols'!$B$521:$B$560,">="&$J$79,'Programme de vols'!$B$521:$B$560,"<="&$K$79) -> 0 | D109: =SUMPRODUCT($C$80:$I$80,--(INDEX('Programme de vols'!$D$49:$J$513,55,0)<>""))+SUMIFS('Programme de vols'!$E$521:$E$560,'Programme de vols'!$C$521:$C$560,"NOSRUN",'Programme de vols'!$D$521:$D$560,"77W",'Programme de vols'!$B$521:$B$560,">="&$J$80,'Programme de vols'!$B$521:$B$560,"<="&$K$80) -> 0 | E109: =SUMPRODUCT($C$81:$I$81,--(INDEX('Programme de vols'!$D$49:$J$513,94,0)<>""))+SUMIFS('Programme de vols'!$E$521:$E$560,'Programme de vols'!$C$521:$C$560,"NOSRUN",'Programme de vols'!$D$521:$D$560,"77W",'Programme de vols'!$B$521:$B$560,">="&$J$81,'Programme de vols'!$B$521:$B$560,"<="&$K$81) -> 0 | F109: =SUMPRODUCT($C$82:$I$82,--(INDEX('Programme de vols'!$D$49:$J$513,133,0)<>""))+SUMIFS('Programme de vols'!$E$521:$E$560,'Programme de vols'!$C$521:$C$560,"NOSRUN",'Programme de vols'!$D$521:$D$560,"77W",'Programme de vols'!$B$521:$B$560,">="&$J$82,'Programme de vols'!$B$521:$B$560,"<="&$K$82) -> 0 | G109: =SUMPRODUCT($C$83:$I$83,--(INDEX('Programme de vols'!$D$49:$J$513,172,0)<>""))+SUMIFS('Programme de vols'!$E$521:$E$560,'Programme de vols'!$C$521:$C$560,"NOSRUN",'Programme de vols'!$D$521:$D$560,"77W",'Programme de vols'!$B$521:$B$560,">="&$J$83,'Programme de vols'!$B$521:$B$560,"<="&$K$83) -> 0 | H109: =SUMPRODUCT($C$84:$I$84,--(INDEX('Programme de vols'!$D$49:$J$513,211,0)<>""))+SUMIFS('Programme de vols'!$E$521:$E$560,'Programme de vols'!$C$521:$C$560,"NOSRUN",'Programme de vols'!$D$521:$D$560,"77W",'Programme de vols'!$B$521:$B$560,">="&$J$84,'Programme de vols'!$B$521:$B$560,"<="&$K$84) -> 0 | I109: =SUMPRODUCT($C$85:$I$85,--(INDEX('Programme de vols'!$D$49:$J$513,250,0)<>""))+SUMIFS('Programme de vols'!$E$521:$E$560,'Programme de vols'!$C$521:$C$560,"NOSRUN",'Programme de vols'!$D$521:$D$560,"77W",'Programme de vols'!$B$521:$B$560,">="&$J$85,'Programme de vols'!$B$521:$B$560,"<="&$K$85) -> 0 | J109: =SUMPRODUCT($C$86:$I$86,--(INDEX('Programme de vols'!$D$49:$J$513,289,0)<>""))+SUMIFS('Programme de vols'!$E$521:$E$560,'Programme de vols'!$C$521:$C$560,"NOSRUN",'Programme de vols'!$D$521:$D$560,"77W",'Programme de vols'!$B$521:$B$560,">="&$J$86,'Programme de vols'!$B$521:$B$560,"<="&$K$86) -> 0 | K109: =SUMPRODUCT($C$87:$I$87,--(INDEX('Programme de vols'!$D$49:$J$513,328,0)<>""))+SUMIFS('Programme de vols'!$E$521:$E$560,'Programme de vols'!$C$521:$C$560,"NOSRUN",'Programme de vols'!$D$521:$D$560,"77W",'Programme de vols'!$B$521:$B$560,">="&$J$87,'Programme de vols'!$B$521:$B$560,"<="&$K$87) -> 0 | L109: =SUMPRODUCT($C$88:$I$88,--(INDEX('Programme de vols'!$D$49:$J$513,367,0)<>""))+SUMIFS('Programme de vols'!$E$521:$E$560,'Programme de vols'!$C$521:$C$560,"NOSRUN",'Programme de vols'!$D$521:$D$560,"77W",'Programme de vols'!$B$521:$B$560,">="&$J$88,'Programme de vols'!$B$521:$B$560,"<="&$K$88) -> 0 | M109: =SUMPRODUCT($C$89:$I$89,--(INDEX('Programme de vols'!$D$49:$J$513,406,0)<>""))+SUMIFS('Programme de vols'!$E$521:$E$560,'Programme de vols'!$C$521:$C$560,"NOSRUN",'Programme de vols'!$D$521:$D$560,"77W",'Programme de vols'!$B$521:$B$560,">="&$J$89,'Programme de vols'!$B$521:$B$560,"<="&$K$89) -> 0 | N109: =SUMPRODUCT($C$90:$I$90,--(INDEX('Programme de vols'!$D$49:$J$513,445,0)<>""))+SUMIFS('Programme de vols'!$E$521:$E$560,'Programme de vols'!$C$521:$C$560,"NOSRUN",'Programme de vols'!$D$521:$D$560,"77W",'Programme de vols'!$B$521:$B$560,">="&$J$90,'Programme de vols'!$B$521:$B$560,"<="&$K$90) -> 0 | O109: NOSRUN | P109: 77W
B110: NOSRUN - 778 | C110: =SUMPRODUCT($C$79:$I$79,--(INDEX('Programme de vols'!$D$49:$J$513,17,0)<>""))+SUMIFS('Programme de vols'!$E$521:$E$560,'Programme de vols'!$C$521:$C$560,"NOSRUN",'Programme de vols'!$D$521:$D$560,"778",'Programme de vols'!$B$521:$B$560,">="&$J$79,'Programme de vols'!$B$521:$B$560,"<="&$K$79) -> 0 | D110: =SUMPRODUCT($C$80:$I$80,--(INDEX('Programme de vols'!$D$49:$J$513,56,0)<>""))+SUMIFS('Programme de vols'!$E$521:$E$560,'Programme de vols'!$C$521:$C$560,"NOSRUN",'Programme de vols'!$D$521:$D$560,"778",'Programme de vols'!$B$521:$B$560,">="&$J$80,'Programme de vols'!$B$521:$B$560,"<="&$K$80) -> 0 | E110: =SUMPRODUCT($C$81:$I$81,--(INDEX('Programme de vols'!$D$49:$J$513,95,0)<>""))+SUMIFS('Programme de vols'!$E$521:$E$560,'Programme de vols'!$C$521:$C$560,"NOSRUN",'Programme de vols'!$D$521:$D$560,"778",'Programme de vols'!$B$521:$B$560,">="&$J$81,'Programme de vols'!$B$521:$B$560,"<="&$K$81) -> 0 | F110: =SUMPRODUCT($C$82:$I$82,--(INDEX('Programme de vols'!$D$49:$J$513,134,0)<>""))+SUMIFS('Programme de vols'!$E$521:$E$560,'Programme de vols'!$C$521:$C$560,"NOSRUN",'Programme de vols'!$D$521:$D$560,"778",'Programme de vols'!$B$521:$B$560,">="&$J$82,'Programme de vols'!$B$521:$B$560,"<="&$K$82) -> 0 | G110: =SUMPRODUCT($C$83:$I$83,--(INDEX('Programme de vols'!$D$49:$J$513,173,0)<>""))+SUMIFS('Programme de vols'!$E$521:$E$560,'Programme de vols'!$C$521:$C$560,"NOSRUN",'Programme de vols'!$D$521:$D$560,"778",'Programme de vols'!$B$521:$B$560,">="&$J$83,'Programme de vols'!$B$521:$B$560,"<="&$K$83) -> 0 | H110: =SUMPRODUCT($C$84:$I$84,--(INDEX('Programme de vols'!$D$49:$J$513,212,0)<>""))+SUMIFS('Programme de vols'!$E$521:$E$560,'Programme de vols'!$C$521:$C$560,"NOSRUN",'Programme de vols'!$D$521:$D$560,"778",'Programme de vols'!$B$521:$B$560,">="&$J$84,'Programme de vols'!$B$521:$B$560,"<="&$K$84) -> 0 | I110: =SUMPRODUCT($C$85:$I$85,--(INDEX('Programme de vols'!$D$49:$J$513,251,0)<>""))+SUMIFS('Programme de vols'!$E$521:$E$560,'Programme de vols'!$C$521:$C$560,"NOSRUN",'Programme de vols'!$D$521:$D$560,"778",'Programme de vols'!$B$521:$B$560,">="&$J$85,'Programme de vols'!$B$521:$B$560,"<="&$K$85) -> 0 | J110: =SUMPRODUCT($C$86:$I$86,--(INDEX('Programme de vols'!$D$49:$J$513,290,0)<>""))+SUMIFS('Programme de vols'!$E$521:$E$560,'Programme de vols'!$C$521:$C$560,"NOSRUN",'Programme de vols'!$D$521:$D$560,"778",'Programme de vols'!$B$521:$B$560,">="&$J$86,'Programme de vols'!$B$521:$B$560,"<="&$K$86) -> 0 | K110: =SUMPRODUCT($C$87:$I$87,--(INDEX('Programme de vols'!$D$49:$J$513,329,0)<>""))+SUMIFS('Programme de vols'!$E$521:$E$560,'Programme de vols'!$C$521:$C$560,"NOSRUN",'Programme de vols'!$D$521:$D$560,"778",'Programme de vols'!$B$521:$B$560,">="&$J$87,'Programme de vols'!$B$521:$B$560,"<="&$K$87) -> 0 | L110: =SUMPRODUCT($C$88:$I$88,--(INDEX('Programme de vols'!$D$49:$J$513,368,0)<>""))+SUMIFS('Programme de vols'!$E$521:$E$560,'Programme de vols'!$C$521:$C$560,"NOSRUN",'Programme de vols'!$D$521:$D$560,"778",'Programme de vols'!$B$521:$B$560,">="&$J$88,'Programme de vols'!$B$521:$B$560,"<="&$K$88) -> 0 | M110: =SUMPRODUCT($C$89:$I$89,--(INDEX('Programme de vols'!$D$49:$J$513,407,0)<>""))+SUMIFS('Programme de vols'!$E$521:$E$560,'Programme de vols'!$C$521:$C$560,"NOSRUN",'Programme de vols'!$D$521:$D$560,"778",'Programme de vols'!$B$521:$B$560,">="&$J$89,'Programme de vols'!$B$521:$B$560,"<="&$K$89) -> 0 | N110: =SUMPRODUCT($C$90:$I$90,--(INDEX('Programme de vols'!$D$49:$J$513,446,0)<>""))+SUMIFS('Programme de vols'!$E$521:$E$560,'Programme de vols'!$C$521:$C$560,"NOSRUN",'Programme de vols'!$D$521:$D$560,"778",'Programme de vols'!$B$521:$B$560,">="&$J$90,'Programme de vols'!$B$521:$B$560,"<="&$K$90) -> 0 | O110: NOSRUN | P110: 778
...
